run_id,distribution,seed,scale,study,original_correct,all5_correct,path95_step,final_displacement_rmse,elapsed_seconds,endpoint_latent_sha256,original_open_correct,original_open_raw,paraphrase_1_correct,paraphrase_1_raw,paraphrase_2_correct,paraphrase_2_raw,paraphrase_3_correct,paraphrase_3_raw,paraphrase_4_correct,paraphrase_4_raw
direct-gaussian-s00-a1,gaussian,0,1.0,distribution,True,False,50,0.31283125281333923,99.46342360088602,87112471bc6e0d205676c7d19a51f4c452076484b27dfbc698c0e44f02f44351,True,ambient,True,ambient,True,ambient,True,ambient,False,ambient synthwave
direct-uniform-s00-a1,uniform,0,1.0,distribution,True,True,38,0.3189058005809784,98.04081043810584,681312f1ef2bc27c72d1dcbb2d4628826928d59eac9157ebc33e44d5a3a6a134,True,ambient,True,ambient,True,ambient,True,ambient,True,ambient
direct-sphere-s00-a1,sphere,0,1.0,distribution,True,True,35,0.3077292740345001,97.43707321514376,668587ae1582b3e4929aa523b28175253f7c7cac5b4c83fc740576738f3ef737,True,ambient,True,ambient,True,ambient,True,ambient,True,ambient
direct-rademacher-s00-a1,rademacher,0,1.0,distribution,True,True,37,0.30616116523742676,97.00176800088957,0a775381365c5d8662e8c9834c534afb0835f4f729ffecbc378c1008f2e77494,True,ambient,True,ambient,True,ambient,True,ambient,True,ambient
direct-heavy_tail-s00-a1,heavy_tail,0,1.0,distribution,True,False,54,0.32064253091812134,98.11002749111503,127bf9d699e2e1a98c37b0468a3d033f94790e81f7cb443736b22eadc2dfe5dd,True,ambient,True,ambient,True,ambient,True,ambient,False,ambient synthwave
direct-gaussian-s01-a1,gaussian,1,1.0,distribution,True,True,32,0.3040984869003296,97.78017303301021,9eb236caa9f399e80d48d88f5dcc37d26bd2d0ea20634429076b48a6553f6fba,True,ambient,True,ambient,True,ambient,True,ambient,True,ambient
direct-uniform-s01-a1,uniform,1,1.0,distribution,True,True,33,0.30330580472946167,97.9680455850903,c657016094541aef8c47eab18d8221102ef495264e55ba58365f865bfbb8bd81,True,ambient,True,ambient,True,ambient,True,ambient,True,ambient
direct-sphere-s01-a1,sphere,1,1.0,distribution,True,True,36,0.30964845418930054,97.70937267993577,d1f06e007fe4f46e2dd247afe86e522da82329fa32fe0e75a0f2992dc2350363,True,ambient,True,ambient,True,ambient,True,ambient,True,ambient
direct-rademacher-s01-a1,rademacher,1,1.0,distribution,True,True,34,0.30728888511657715,97.77242695214227,a5db2aa94d7236707718e34648e9da8b4360ea4e6b2b6f935ea84c8393387237,True,ambient,True,ambient,True,ambient,True,ambient,True,ambient
direct-heavy_tail-s01-a1,heavy_tail,1,1.0,distribution,True,True,39,0.3049720227718353,96.430994334165,07cfee5077c2f5e771f776fd88d0592df46eeb5c790afc675b93e69eb0491c3d,True,ambient,True,ambient,True,ambient,True,ambient,True,ambient
direct-gaussian-s02-a1,gaussian,2,1.0,distribution,True,False,34,0.30876609683036804,97.40740248607472,5dc9e2555c0d15084e5558f54c641e2b68ff2ae3ceb630d87cb3d9f8b96ae77d,True,ambient,True,ambient,True,ambient,True,ambient,False,ambient synthwave
direct-uniform-s02-a1,uniform,2,1.0,distribution,True,True,33,0.2994573712348938,97.32095023593865,641e219bd061c07a5ad8afa9c102e77c9c4455f4e0f1a08ff50d6f0d5a496fc0,True,ambient,True,ambient,True,ambient,True,ambient,True,ambient
direct-sphere-s02-a1,sphere,2,1.0,distribution,True,True,35,0.3188087046146393,96.92506368993782,5bb51aef8ae1f9770acf8475e6eef83a908712ae5a8b968f356fd2553974aa61,True,ambient,True,ambient,True,ambient,True,ambient,True,ambient
direct-rademacher-s02-a1,rademacher,2,1.0,distribution,True,True,34,0.30186957120895386,98.21356512699276,d29d3db92b2b27c1dfb909c14242a9eda3583375a16ecd3965dc2203ab195536,True,ambient,True,ambient,True,ambient,True,ambient,True,ambient
direct-heavy_tail-s02-a1,heavy_tail,2,1.0,distribution,True,False,50,0.30932366847991943,97.80673831608146,cd281a0dd32b3d6028371169dccb9e65b6423db71fe0d5404683f3811658fc19,True,ambient,True,ambient,True,ambient,True,ambient,False,ambient synthwave
direct-gaussian-s03-a1,gaussian,3,1.0,distribution,True,True,34,0.30763810873031616,96.50504519394599,9da36e92a5438784f4ce31d41050e64921e3568670b2aca4d14df93f8b13be3c,True,ambient,True,ambient,True,ambient,True,ambient,True,ambient
direct-uniform-s03-a1,uniform,3,1.0,distribution,True,False,62,0.3222196698188782,97.96543886512518,8b751213cb3dfe59b38c59d66bd9b69b70b781a519f6c1790dcd55d6b312cb1d,True,ambient,True,ambient,True,ambient,True,ambient,False,ambient synthwave
direct-sphere-s03-a1,sphere,3,1.0,distribution,True,True,35,0.30535170435905457,96.78695808188058,7b90d97070a6fff3b420711487154bdb613ec6818854981de7c0cdb60af9a921,True,ambient,True,ambient,True,ambient,True,ambient,True,ambient
direct-rademacher-s03-a1,rademacher,3,1.0,distribution,True,False,34,0.3036460876464844,97.74326245905831,32d082f15bb8c6a86be81205fb5c2ded426864130925dd719611ad940dbfb921,True,ambient,True,ambient,True,ambient,True,ambient,False,ambient trance
direct-heavy_tail-s03-a1,heavy_tail,3,1.0,distribution,True,False,61,0.3067456781864166,97.53271976415999,cc318585c5bc84e506c201c675bb2094d0825c3fa47e756c067d59050fcca4e9,True,ambient,True,ambient,True,ambient,True,ambient,False,ambient synthwave
direct-gaussian-s04-a1,gaussian,4,1.0,distribution,True,True,33,0.3021731972694397,97.61386534199119,7d918071af61881f8184f1b78039ed52af0571cd98a17ab1727f20c00a59d9ed,True,ambient,True,ambient,True,ambient,True,ambient,True,ambient
direct-uniform-s04-a1,uniform,4,1.0,distribution,True,False,33,0.30448558926582336,99.11858170595951,50f72dc07cff72781c0a7bec37b6d7ffe7c39c0dd95ea2a8dfa254a87fd3826f,True,ambient,True,ambient,False,"ambient, contemplative, reflective, and spiritual",True,ambient,True,ambient
direct-sphere-s04-a1,sphere,4,1.0,distribution,True,False,59,0.36353492736816406,97.87282239785418,0a97f4534bbe0ae9b89eb610d4e5306e85a71696972373ce6627bd360af57c21,True,ambient,True,ambient,True,ambient,True,ambient,False,ambient synthwave
direct-rademacher-s04-a1,rademacher,4,1.0,distribution,True,True,41,0.3248026371002197,97.68056500190869,923210a9303508aa30b44caf626c5fb0e56aa3d2884ce454c717689992c1a7a1,True,ambient,True,ambient,True,ambient,True,ambient,True,ambient
direct-heavy_tail-s04-a1,heavy_tail,4,1.0,distribution,True,True,35,0.30465826392173767,97.08025496918708,e8af4af074be4c9740ddd97ff49f6a4591e3aa264568f668002cc4b84a21be15,True,ambient,True,ambient,True,ambient,True,ambient,True,ambient
direct-gaussian-s05-a1,gaussian,5,1.0,distribution,True,True,38,0.3190203905105591,98.28564417222515,5bb18883c943dbb75a2a275ec6c774f6acfd77408eaca25dce9247c533236009,True,ambient,True,ambient,True,ambient,True,ambient,True,ambient
direct-uniform-s05-a1,uniform,5,1.0,distribution,True,True,58,0.32621118426322937,97.65289824618958,94544c29e112a2670446aa24454b778bff934aca808395e2b95af68e507414ca,True,ambient,True,ambient,True,ambient,True,ambient,True,ambient
direct-sphere-s05-a1,sphere,5,1.0,distribution,True,True,36,0.31709378957748413,98.12245733710006,bffb5e82d1343b706d16db8f42dffca55f55223dd07acfe9e0b86dea353a1abd,True,ambient,True,ambient,True,ambient,True,ambient,True,ambient
direct-rademacher-s05-a1,rademacher,5,1.0,distribution,True,True,33,0.3061545491218567,98.27338451705873,c2e37f5d1a209acc5b935550c2be7264beb938c323883531d4bc5e20ce1dedbe,True,ambient,True,ambient,True,ambient,True,ambient,True,ambient
direct-heavy_tail-s05-a1,heavy_tail,5,1.0,distribution,True,True,39,0.3233380615711212,96.6715161788743,2d35fbb053d4865c4d5fec4e8aeaf0075736ea6104c144ad02288d9687331952,True,ambient,True,ambient,True,ambient,True,ambient,True,ambient
direct-gaussian-s06-a1,gaussian,6,1.0,distribution,True,True,34,0.2928903102874756,97.65342372492887,4dde10e68cc6bc342b633569f63d40502c4bf91778b3510d6018db7c66a8bf61,True,ambient,True,ambient,True,ambient,True,ambient,True,ambient
direct-uniform-s06-a1,uniform,6,1.0,distribution,True,False,65,0.31754496693611145,98.11167450202629,4ba4fa690beffa4040096d9b0dd25f9f80c22bf98c238e8a3249b4271f45801b,True,ambient,True,ambient,True,ambient,True,ambient,False,ambient synthwave
direct-sphere-s06-a1,sphere,6,1.0,distribution,True,True,32,0.3042764663696289,97.65533974580467,d66e6293913589a19ba3eedb7f75c30bfd53f1661498255f925732e300b8b513,True,ambient,True,ambient,True,ambient,True,ambient,True,ambient
direct-rademacher-s06-a1,rademacher,6,1.0,distribution,True,True,34,0.3039973974227905,96.44864315120503,a93be448e7525635e707a25b797116dc7589f63dd558f61d771ed261d9d1a5ac,True,ambient,True,ambient,True,ambient,True,ambient,True,ambient
direct-heavy_tail-s06-a1,heavy_tail,6,1.0,distribution,True,True,35,0.31466490030288696,97.7321192799136,3610d0225586c905d7b8be7f4643b6585c16147016e553017b1b91fce404b5fa,True,ambient,True,ambient,True,ambient,True,ambient,True,ambient
direct-gaussian-s07-a1,gaussian,7,1.0,distribution,True,True,31,0.2934618592262268,97.93143569701351,4a3051ea18b29f5eb76417d98a779a2a87e2c1706c2a51bfdfba8235f474f133,True,ambient,True,ambient,True,ambient,True,ambient,True,ambient
direct-uniform-s07-a1,uniform,7,1.0,distribution,True,True,33,0.3085560202598572,74.48196283169091,2e965f0e412e45838ab07affc21c96f5d99d7f7d34b3c2b46c6e8874881f987e,True,ambient,True,ambient,True,ambient,True,ambient,True,ambient
direct-sphere-s07-a1,sphere,7,1.0,distribution,True,True,38,0.31028494238853455,73.53286539763212,67d98e13593131e2f06d4065cd1dc82483eda8a828e93ddbb83db6b0b0984fcf,True,ambient,True,ambient,True,ambient,True,ambient,True,ambient
direct-rademacher-s07-a1,rademacher,7,1.0,distribution,True,True,32,0.30132216215133667,72.93884789571166,43de40577fcdaf27a94ae2038ea7c9e66082d0992b34cdd86db25e2ef4a144ca,True,ambient,True,ambient,True,ambient,True,ambient,True,ambient
direct-heavy_tail-s07-a1,heavy_tail,7,1.0,distribution,True,False,48,0.3123149871826172,72.40165792964399,2144abb6fb862033303f68fb11dbb6bd277e4e2eb5654c7b6d1591a12e34b441,True,ambient,True,ambient,True,ambient,True,ambient,False,ambient synthwave
direct-gaussian-s00-a0.25,gaussian,0,0.25,scale,True,True,34,0.30546027421951294,72.76546505559236,e774f738ee8c144b4391c6cda817919fcdb34d2a28bca13e0044ae1faa89743f,True,ambient,True,ambient,True,ambient,True,ambient,True,ambient
direct-gaussian-s00-a0.5,gaussian,0,0.5,scale,True,True,33,0.3013015687465668,72.15902417059988,47c6077ba2a627583431a623ef04347931f8e99f0057e63e276e9d9462e20f56,True,ambient,True,ambient,True,ambient,True,ambient,True,ambient
direct-gaussian-s00-a2,gaussian,0,2.0,scale,True,True,39,0.3191637396812439,73.46473868750036,df44d5d643beba7f5aa420b6c352cefa4f5eada5a5d4ce8fd0906ac288faba13,True,ambient,True,ambient,True,ambient,True,ambient,True,ambient
direct-gaussian-s00-a4,gaussian,0,4.0,scale,True,True,39,0.3301071524620056,72.51031622011214,27480162691c135e370ac540c0bb4dc41528b93aa47a6dde5f10c0c9c155f555,True,ambient,True,ambient,True,ambient,True,ambient,True,ambient
direct-gaussian-s01-a0.25,gaussian,1,0.25,scale,True,True,33,0.3076351583003998,75.56440193578601,1228cc50e22bebeb17d21c7b13b62ced5c2329d96a4e1ecde2a9651a8823b1d1,True,ambient,True,ambient,True,ambient,True,ambient,True,ambient
direct-gaussian-s01-a0.5,gaussian,1,0.5,scale,True,True,32,0.3037014603614807,73.99849040620029,61a8ff134c759edcb79648febd1d35d83d1370ab7004fbbea734fe9b1ad3d730,True,ambient,True,ambient,True,ambient,True,ambient,True,ambient
direct-gaussian-s01-a2,gaussian,1,2.0,scale,True,False,54,0.31633806228637695,76.34783223737031,d645aafd37f0cb418f9d030ea7bcd933e1a71c4e67dae9ca57069f7e12daf965,True,ambient,True,ambient,True,ambient,True,ambient,False,ambient trance
direct-gaussian-s01-a4,gaussian,1,4.0,scale,True,True,34,0.3071608543395996,75.59371425490826,c0ff97066d1ad0b708fa78e0e6d7b5e9a283f2a952dcf686031c71f238702119,True,ambient,True,ambient,True,ambient,True,ambient,True,ambient
direct-gaussian-s02-a0.25,gaussian,2,0.25,scale,True,True,34,0.30673548579216003,72.18514396995306,6b9e6abe468ad06b7a8b2bee5acdff80c6974635a3ed59bc63603011ce31c7ed,True,ambient,True,ambient,True,ambient,True,ambient,True,ambient
direct-gaussian-s02-a0.5,gaussian,2,0.5,scale,True,False,35,0.3037847578525543,70.82980146817863,fed225c24c6dd85acb4e05047ad0c8449aed7987799a05d22cce9fb709b91556,True,ambient,True,ambient,True,ambient,True,ambient,False,ambient synthwave
direct-gaussian-s02-a2,gaussian,2,2.0,scale,True,True,33,0.2969737648963928,73.64840008225292,17f2001ff0dca9de216860bde2de56b4b895e24c236057b5dd3a806e436df667,True,ambient,True,ambient,True,ambient,True,ambient,True,ambient
direct-gaussian-s02-a4,gaussian,2,4.0,scale,True,True,33,0.3033939301967621,72.78679741546512,fa2a4899ba7b2e130649a93ef4288051007b42594b145a9e4510026a646f8116,True,ambient,True,ambient,True,ambient,True,ambient,True,ambient
direct-gaussian-s03-a0.25,gaussian,3,0.25,scale,True,True,33,0.3040323853492737,73.65630292985588,09b78957f20d758ee3dd8b071065c53ee1b7c5465f4267e318f54b90eafcbf79,True,ambient,True,ambient,True,ambient,True,ambient,True,ambient
direct-gaussian-s03-a0.5,gaussian,3,0.5,scale,True,True,36,0.3118894100189209,73.54380729887635,ec631a953825f56570663b18814bad4ce4656dc1d74e9eb8ca676fb1d5f8c2bf,True,ambient,True,ambient,True,ambient,True,ambient,True,ambient
direct-gaussian-s03-a2,gaussian,3,2.0,scale,True,True,32,0.3034929633140564,74.49857537262142,28e6d03da36da11fbbfbe451353189c45cd975a7409c4878caa7da39d7f0cde1,True,ambient,True,ambient,True,ambient,True,ambient,True,ambient
direct-gaussian-s03-a4,gaussian,3,4.0,scale,True,True,36,0.3158751130104065,72.23293422628194,c82132342173c75ab392b7e5a1d96174571352420d13889398173f7ebee54a75,True,ambient,True,ambient,True,ambient,True,ambient,True,ambient
direct-gaussian-s04-a0.25,gaussian,4,0.25,scale,True,True,66,0.3375137150287628,73.99283077195287,d6a09e0e20e52086f0ffb661afc03a9892587ce0062166a5002186e894ab930a,True,ambient,True,ambient,True,ambient,True,ambient,True,ambient
direct-gaussian-s04-a0.5,gaussian,4,0.5,scale,True,True,39,0.31068742275238037,71.71319168619812,cd5adce654cbc4d9e8123fd837b91d0a878d1ad12b5033c92751de25fabd66ea,True,ambient,True,ambient,True,ambient,True,ambient,True,ambient
direct-gaussian-s04-a2,gaussian,4,2.0,scale,True,True,32,0.2968246638774872,73.02836425974965,835f85e0eed72afe592a13c1f1893cfd51fd4dbd9b372a75e6f3edfae0fd156a,True,ambient,True,ambient,True,ambient,True,ambient,True,ambient
direct-gaussian-s04-a4,gaussian,4,4.0,scale,True,False,53,0.31816673278808594,72.49161867052317,3e9754498490369d50a2a1db1cf5936590adcf5d9bfea2ad2352eaab443b9ccc,True,ambient,True,ambient,True,ambient,True,ambient,False,ambient synthwave
direct-gaussian-s05-a0.25,gaussian,5,0.25,scale,True,True,34,0.30697545409202576,72.62304236087948,f44faf2c3e44b974a0f0fbda547398c7cda58fe0050da06ed61331c0d179d761,True,ambient,True,ambient,True,ambient,True,ambient,True,ambient
direct-gaussian-s05-a0.5,gaussian,5,0.5,scale,True,True,34,0.30119022727012634,72.53031307924539,a3cb1559e19e23c57b8c30e2ce3c46f8132a76421168e98e5790fdba7e002479,True,ambient,True,ambient,True,ambient,True,ambient,True,ambient
direct-gaussian-s05-a2,gaussian,5,2.0,scale,True,True,37,0.31216299533843994,74.01088812295347,618dac6427f9b7359cb0338ed7fa51e5a78107dab6756f4d629c502c2d98f474,True,ambient,True,ambient,True,ambient,True,ambient,True,ambient
direct-gaussian-s05-a4,gaussian,5,4.0,scale,True,True,32,0.2940153181552887,73.26922363135964,94119e7fa29847d3fa85b53c3c3f4e20fd4f6604c8b3727c86a27d84df4485e3,True,ambient,True,ambient,True,ambient,True,ambient,True,ambient
direct-gaussian-s06-a0.25,gaussian,6,0.25,scale,True,False,42,0.31081366539001465,72.75891764461994,63bbec68211b98bda5d8d9666eb9159812a12b002582e7fdfd5e964b53a9b388,True,ambient,True,ambient,True,ambient,True,ambient,False,ambient synthwave
direct-gaussian-s06-a0.5,gaussian,6,0.5,scale,True,True,33,0.30563992261886597,72.71784787252545,021790fccb9d85c6f930dca781dad8610f86a6d18890c264b86b165ef1c20c08,True,ambient,True,ambient,True,ambient,True,ambient,True,ambient
direct-gaussian-s06-a2,gaussian,6,2.0,scale,True,True,36,0.3027699887752533,75.28041991684586,095c7af0424b5be325da77e4706935cdac5c897a6a1975f293bd89da1d2f0bff,True,ambient,True,ambient,True,ambient,True,ambient,True,ambient
direct-gaussian-s06-a4,gaussian,6,4.0,scale,True,True,35,0.3116692900657654,73.07514979504049,2681a2c65229615d19b1f6ceddc4eac725ee9e1d5ee257fea0519e25746e8282,True,ambient,True,ambient,True,ambient,True,ambient,True,ambient
direct-gaussian-s07-a0.25,gaussian,7,0.25,scale,True,True,43,0.32144686579704285,74.0769057739526,1b094e1d49cb12c19360f66e68d8a9bf3c424668619225e261c4e9a151e52cc3,True,ambient,True,ambient,True,ambient,True,ambient,True,ambient
direct-gaussian-s07-a0.5,gaussian,7,0.5,scale,True,True,34,0.3091270327568054,73.72791432030499,ab555968af0e7b6dd13702d38418059a52d9d0f53827858846cb86f2bba2e081,True,ambient,True,ambient,True,ambient,True,ambient,True,ambient
direct-gaussian-s07-a2,gaussian,7,2.0,scale,True,True,36,0.30889055132865906,73.44097990635782,8644c7e919c8541470abcd6ce1dc47e336fe1276e713a6fc0722986956b2e21e,True,ambient,True,ambient,True,ambient,True,ambient,True,ambient
direct-gaussian-s07-a4,gaussian,7,4.0,scale,True,True,40,0.3329404294490814,73.07839780393988,95a9df73d50356aaa6616088099c4404839e36d2eb2ce10994bcee7b6ed95aaf,True,ambient,True,ambient,True,ambient,True,ambient,True,ambient
direct-gaussian-s08-a1,gaussian,8,1.0,gaussian_density,True,False,55,0.30441656708717346,73.69711753446609,50ab6f9c1208857376f8d6a8aabaed66d6ea535d109a419cd21ea5de0884ad7e,True,ambient,True,ambient,True,ambient,True,ambient,False,ambient synthwave
direct-gaussian-s09-a1,gaussian,9,1.0,gaussian_density,True,True,32,0.3064025640487671,71.59933379292488,c9fcdf2a07e521da2c55b96d280c45dcd0270d8ba11584760ac51323651a0b8f,True,ambient,True,ambient,True,ambient,True,ambient,True,ambient
direct-gaussian-s10-a1,gaussian,10,1.0,gaussian_density,True,True,33,0.3043377101421356,73.23620703164488,e11ac74d49cf3fcec0167bb5291d0d3b061780ae97aae7478751304d37233d08,True,ambient,True,ambient,True,ambient,True,ambient,True,ambient
direct-gaussian-s11-a1,gaussian,11,1.0,gaussian_density,True,False,61,0.31396427750587463,72.0573888765648,b145fd98d43c32c596b596987ac74b7090589224db8e3ad5e359e131f77e3364,True,ambient,True,ambient,True,ambient,True,ambient,False,ambient synthwave
direct-gaussian-s12-a1,gaussian,12,1.0,gaussian_density,True,True,37,0.30580735206604004,73.6842504516244,1a7e6f2114f0840d94769369f5d0f5f25c5e802e575bdeb14a55c987bc4bcc71,True,ambient,True,ambient,True,ambient,True,ambient,True,ambient
direct-gaussian-s13-a1,gaussian,13,1.0,gaussian_density,True,True,37,0.33146485686302185,72.97578496020287,fe7f32597a1f85df62f9aad1758883617f266fbfdda3e843299e61ec41cfec34,True,ambient,True,ambient,True,ambient,True,ambient,True,ambient
direct-gaussian-s14-a1,gaussian,14,1.0,gaussian_density,True,True,33,0.301326721906662,72.86066051200032,4b5a7f3d1cecf64d7988d0005bbfc5aab0a4dd34202bcc140f50385d33d24403,True,ambient,True,ambient,True,ambient,True,ambient,True,ambient
direct-gaussian-s15-a1,gaussian,15,1.0,gaussian_density,True,True,35,0.30793526768684387,72.60614336840808,ca9255e51972f3e39d1cedb1180e1c19c5d1bc39c0b93f9ec0f9c6cefae5a74b,True,ambient,True,ambient,True,ambient,True,ambient,True,ambient
direct-gaussian-s16-a1,gaussian,16,1.0,gaussian_density,True,True,35,0.31246909499168396,73.10848289635032,e19371c42b40491083576b9b04513c470c79991ae60b08466f790b88dead884e,True,ambient,True,ambient,True,ambient,True,ambient,True,ambient
direct-gaussian-s17-a1,gaussian,17,1.0,gaussian_density,True,True,33,0.30312299728393555,72.07621741481125,797e9edd90902b54916029a1f046c217514738e26046a79bb3acc71bb63f9d1c,True,ambient,True,ambient,True,ambient,True,ambient,True,ambient
direct-gaussian-s18-a1,gaussian,18,1.0,gaussian_density,True,True,32,0.3034883439540863,72.45454957615584,a27f7d27d6a38685c9dd3ee0fb22a9a0728a207c2a8018b549618c6848a12288,True,ambient,True,ambient,True,ambient,True,ambient,True,ambient
direct-gaussian-s19-a1,gaussian,19,1.0,gaussian_density,True,True,36,0.30984917283058167,72.08959978912026,db7929a66448d242e12c63e5f33d4dd368f0dbd0b2b012744b0b0c4df6c189fd,True,ambient,True,ambient,True,ambient,True,ambient,True,ambient
direct-gaussian-s20-a1,gaussian,20,1.0,gaussian_density,True,True,32,0.2999589145183563,73.64350983221084,ffb485f85edb5999ac8f82d7a60c4da26848447eb6fcac30f7e1613d6beef944,True,ambient,True,ambient,True,ambient,True,ambient,True,ambient
direct-gaussian-s21-a1,gaussian,21,1.0,gaussian_density,True,True,33,0.30165719985961914,72.14262206107378,3e9c3b858af517b78eb862e627e830c89e39a20181586c9e3399a9b35cef2a7b,True,ambient,True,ambient,True,ambient,True,ambient,True,ambient
direct-gaussian-s22-a1,gaussian,22,1.0,gaussian_density,True,True,36,0.3156195282936096,73.42678832262754,854e18457a0fae710f50688f14426b275ecdebc0441cfd9e88949da3155cd100,True,ambient,True,ambient,True,ambient,True,ambient,True,ambient
direct-gaussian-s23-a1,gaussian,23,1.0,gaussian_density,True,True,45,0.3204335570335388,72.19695768598467,c5ae2c6136bfc9d4168d650f6bfdb8c9ff7999243b6c283dc2fac63bb7f82f16,True,ambient,True,ambient,True,ambient,True,ambient,True,ambient
direct-gaussian-s24-a1,gaussian,24,1.0,gaussian_density,True,True,40,0.3058726191520691,73.03244042024016,8f4f0ea370235273d8e37270033684964126e68d50edadfb80cd7f1d83415be2,True,ambient,True,ambient,True,ambient,True,ambient,True,ambient
direct-gaussian-s25-a1,gaussian,25,1.0,gaussian_density,True,True,34,0.31184837222099304,72.68675371352583,55ea0bcfc6701c75627549dc60f9831e60790b961bf77d88a4b2396d2206a3dc,True,ambient,True,ambient,True,ambient,True,ambient,True,ambient
direct-gaussian-s26-a1,gaussian,26,1.0,gaussian_density,True,True,32,0.29745447635650635,72.6657455842942,b8eb2987bed5680d05168c1f8eede88baee3f833dfabcd3817c927d68bc486d0,True,ambient,True,ambient,True,ambient,True,ambient,True,ambient
direct-gaussian-s27-a1,gaussian,27,1.0,gaussian_density,True,True,37,0.30813243985176086,72.28807857446373,ea47d78d86a59941e6363bdf7c94652af0987a9b34c8dddc0771e995ffb7baaa,True,ambient,True,ambient,True,ambient,True,ambient,True,ambient
direct-gaussian-s28-a1,gaussian,28,1.0,gaussian_density,True,True,37,0.30350667238235474,73.32038786076009,aa255d2605e97bd32b6a3cfc65613797724cfec1f57e328de00fc6a058e035ce,True,ambient,True,ambient,True,ambient,True,ambient,True,ambient
direct-gaussian-s29-a1,gaussian,29,1.0,gaussian_density,True,True,35,0.3069843351840973,73.9746882962063,953ef27ada7265f30b2bc66ae8e89cdc16442743f5eb88c23072bdf84c6c7c40,True,ambient,True,ambient,True,ambient,True,ambient,True,ambient
direct-gaussian-s30-a1,gaussian,30,1.0,gaussian_density,True,True,32,0.3022881746292114,73.74941487517208,88ce21a6488e4b63c8fd401525ff7fddc5cbe7765ab7e4b8defdfaa64ddeb57e,True,ambient,True,ambient,True,ambient,True,ambient,True,ambient
direct-gaussian-s31-a1,gaussian,31,1.0,gaussian_density,True,True,46,0.3571070432662964,72.57158145867288,d791be61b8b74300d19097d7de44685a425acc0c009d4b122702ee0c241da9b1,True,ambient,True,ambient,True,ambient,True,ambient,True,ambient
