iteration,accepted,current_loss_ratio_to_plateau,selected_loss_ratio_to_plateau,selected_radius_l2,relative_improvement,gradient_norm,beta_raw,beta,restart_reason,negative_gradient_cosine
0,True,1.0,0.6873661428655987,0.03,0.3126338571344012,0.00025156916969025126,0.0,0.0,initial,0.9999999999999954
1,True,0.6873661934564749,0.5389403538629423,0.03,0.21593415708614017,0.00015857884083425372,-0.0317868215164261,0.0,negative_beta_clamped,0.9999999999999966
2,True,0.5389403538629423,0.40580664369503616,0.03,0.24702865393850848,0.00011762979886887968,0.3102421353709389,0.3102421353709389,none,0.944275515655144
3,True,0.4058066183995981,0.3395424864707349,0.03,0.16328992412739018,8.838503450164274e-05,0.3872663606210307,0.3872663606210307,none,0.9036269231408511
4,True,0.3395424864707349,0.2755188979688269,0.03,0.18855840153431347,9.915890585191248e-05,1.481410842714048,1.481410842714048,none,0.5307664860131438
5,True,0.27551892326426497,0.24957984277367515,0.01,0.09414627562880783,8.159360127521988e-05,0.12579442225268017,0.12579442225268017,none,0.9623767553343473
6,True,0.24957984277367515,0.2290754365613179,0.01,0.08215569809037464,5.595274339766969e-05,0.4171292191370068,0.4171292191370068,none,0.8569958681694553
7,True,0.2290754365613179,0.21251494328003923,0.01,0.07229275006465329,5.353184777436278e-05,0.4839823709059153,0.4839823709059153,none,0.9123425337172518
8,True,0.21251494328003923,0.17606890932647862,0.03,0.17149868800300905,5.184107848098723e-05,1.0267752283113316,1.0267752283113316,none,0.6757159230256312
9,True,0.17606889667875958,0.1517419323994595,0.03,0.13816730119962647,6.822379515471288e-05,1.8563260063780223,1.8563260063780223,none,0.4249489949373578
10,True,0.15174191975174045,0.13452924683844966,0.03,0.11343386811931615,6.202573801965651e-05,1.0339054362029907,1.0339054362029907,none,0.2822169082631216
11,True,0.13452924683844966,0.12283013202700946,0.01,0.08696335619487393,5.0808158930239614e-05,0.1060330756189654,0.1060330756189654,none,0.907174244644579
12,True,0.1228301446747285,0.11121267088965574,0.01,0.09458161769521206,5.697110781353037e-05,1.3354036453325497,1.3354036453325497,none,0.5736325408206401
13,True,0.11121267088965574,0.10591985342811365,0.003,0.0475918563883208,4.799067328588271e-05,0.286429318743779,0.286429318743779,none,0.8965982279196814
14,True,0.10591986607583269,0.10368279444775252,0.003,0.021120415942355367,2.2268099468892057e-05,-0.16896414937943413,0.0,negative_beta_clamped,0.9999999999999933
15,True,0.10368279444775252,0.09722620344311385,0.01,0.06227254038655623,2.123938238002694e-05,0.7130664102121622,0.7130664102121622,none,0.8446297819503626
16,True,0.09722620976697337,0.09171190544969977,0.01,0.05671623249008667,3.155241510535983e-05,2.2895462956889063,2.2895462956889063,none,0.5502822144386115
17,True,0.09171189912584025,0.08341426819538804,0.03,0.09047496573009381,3.530251819906203e-05,1.7005438297554203,1.7005438297554203,none,0.2999872665986636
18,True,0.08341426187152852,0.08149146708987622,0.003,0.023051151427962328,3.720964322528147e-05,0.5204160127891997,0.5204160127891997,none,0.44484950544138435
19,True,0.08149146708987622,0.07863631408030088,0.003,0.03503622049688236,2.3595807186380057e-05,-0.029059461673484936,0.0,negative_beta_clamped,0.9999999999999928
20,True,0.07863631408030088,0.07586772838365692,0.01,0.03520747035290543,1.8663397896518974e-05,0.17231562248474916,0.17231562248474916,none,0.9876382288460105
21,True,0.07586772838365692,0.07508495472875448,0.003,0.01031761028805305,4.705377397695349e-05,7.071140330631463,7.071140330631463,none,0.1359440121731794
22,True,0.07508496737647352,0.07125711623911474,0.003,0.05098025971252094,4.7292711252987015e-05,0.012011479743041202,0.012011479743041202,none,0.9992885894857348
23,True,0.07125711623911474,0.07070652941024698,0.001,0.007726762714059017,1.7350440689973166e-05,0.18648959549460672,0.18648959549460672,none,0.8790236827995089
24,True,0.0707065357341065,0.06947624783660766,0.003,0.01739991762749292,1.1873374771685646e-05,0.12421852356221082,0.12421852356221082,none,0.9866777721858359
25,True,0.06947625416046718,0.06765817616856071,0.01,0.026168336417609857,1.5329598513536988e-05,1.5216224617669256,1.5216224617669256,none,0.7043324474345364
26,True,0.06765818249242023,0.06730953546951622,0.003,0.005153065158719959,4.254070919518728e-05,8.914782619173074,8.914782619173074,none,0.0698115647401629
27,True,0.06730954179337573,0.06558443086023208,0.001,0.025629515328440818,4.4077976759829125e-05,0.044209023152138864,0.044209023152138864,none,0.9722194462210485
28,True,0.06558443086023208,0.06479409386934704,0.001,0.012050680024491488,2.1786341155389865e-05,-0.20666356695273494,0.0,negative_beta_clamped,0.9999999999999927
29,True,0.06479409386934704,0.06362501460811548,0.003,0.01804299113417535,1.2945319569619521e-05,0.04067110391845627,0.04067110391845627,none,0.9984244125291887
30,True,0.06362500828425596,0.0625920817184304,0.003,0.0162346000995517,1.800693177564222e-05,1.8940918518948078,1.8940918518948078,none,0.6084594915026236
31,True,0.06259206907071137,0.061898721113242114,0.003,0.011077249366624624,1.2230928466790559e-05,0.42948889164674314,0.42948889164674314,none,0.7160049375877584
32,True,0.061898721113242114,0.059385834352317896,0.03,0.04059674765052016,1.5148062894159911e-05,1.778983168477063,1.778983168477063,none,0.3775987481147981
33,True,0.059385834352317896,0.0562528805180101,0.03,0.05275591171660477,4.367935554487436e-05,6.695797623149289,6.695797623149289,none,0.11227420693363661
34,True,0.0562528805180101,0.04889546204900131,0.01,0.1307918528128211,3.430731737499108e-05,0.13787751300730894,0.13787751300730894,none,0.6890804370985306
35,True,0.04889545572514179,0.04626369621494242,0.003,0.053824214769433804,2.8781389373420064e-05,0.5426772422350598,0.5426772422350598,none,0.774337126069709
36,True,0.04626369937687218,0.04456071562817932,0.003,0.036810366910351354,1.9350173930273795e-05,0.12432614712274795,0.12432614712274795,none,0.9794482525224418
37,True,0.044560721952038834,0.04342114033352541,0.003,0.025573679433200634,1.9233677408116983e-05,1.037734021040212,1.037734021040212,none,0.6772463226173356
38,True,0.04342113717159565,0.042614310717019425,0.003,0.01858142156405835,1.2037834746811377e-05,0.4072670863758828,0.4072670863758828,none,0.7014345082325892
39,True,0.042614310717019425,0.042361938131405756,0.001,0.0059222496238307476,7.73381051348903e-06,0.25553806885879654,0.25553806885879654,none,0.8827040768720682
40,True,0.042361934969475996,0.04185499225706641,0.003,0.011966939488832762,5.373563527518489e-06,0.22459603355723276,0.22459603355723276,none,0.9549923522279153
41,True,0.04185498909513665,0.04139884278429922,0.003,0.010898254203354404,1.01076045878479e-05,3.613447593029902,3.613447593029902,none,0.4625206252495178
42,True,0.04139884594622898,0.04081232694758431,0.01,0.014167520500607008,1.0020112371246367e-05,1.052845248320323,1.052845248320323,none,0.3976222237384265
43,True,0.04081233010951407,0.04072151948684662,0.003,0.0022250781179062075,1.90306426740207e-05,4.2816548221915,4.2816548221915,none,0.04708186696578809
44,True,0.04072151948684662,0.03998200735490157,0.001,0.018160229315213067,1.990805282689376e-05,0.05520368709571264,0.05520368709571264,none,0.940958915496085
45,True,0.03998200735490157,0.03944564604801783,0.003,0.013415066985574795,1.099649142723387e-05,-0.10361131057959962,0.0,negative_beta_clamped,0.9999999999999953
46,True,0.03944564288608807,0.03917977518426462,0.003,0.006740103148812282,1.8688447953862092e-05,3.3022452833320703,3.3022452833320703,none,0.269164943011004
47,True,0.03917977202233486,0.03858656554225072,0.001,0.01514063123557684,1.752864982276734e-05,0.13887203065254522,0.13887203065254522,none,0.9585667964030363
48,True,0.03858656554225072,0.03834829200143071,0.001,0.006175038837263385,7.254563765826678e-06,-0.11914306316776133,0.0,negative_beta_clamped,0.9999999999999941
49,True,0.03834829516336047,0.03822652924835618,0.001,0.0031752627981395318,5.758404128895e-06,0.4517861294105092,0.4517861294105092,none,0.8973631854704353
50,True,0.03822652924835618,0.0380846218407895,0.003,0.003712275489221332,8.048009792962671e-06,2.3201205331206185,2.3201205331206185,none,0.353109446242213
51,True,0.03808462500271926,0.03788398158795654,0.001,0.005268357368581026,1.1647124361067368e-05,1.1527397837744704,1.1527397837744704,none,0.42484824487207673
52,True,0.037883984749886294,0.03761411404498844,0.001,0.007123609268654466,8.671535029757828e-06,-0.02316704483340504,0.0,negative_beta_clamped,0.9999999999999956
53,True,0.03761411404498844,0.03745291254203469,0.001,0.004285665289389586,6.133322460235979e-06,0.3805299852296489,0.3805299852296489,none,0.8994136213147712
54,True,0.03745291886589421,0.03731198849462295,0.001,0.0037628675024204395,6.417886791621826e-06,1.166855639652941,1.166855639652941,none,0.6193956871153051
55,True,0.03731199165655271,0.0371406783022309,0.001,0.004591375231284807,4.971825889974581e-06,0.33845876455071316,0.33845876455071316,none,0.8466239486869621
56,True,0.0371406783022309,0.036998081593976856,0.001,0.0038393673667906046,4.124191438123005e-06,0.38568752655723726,0.38568752655723726,none,0.9169682681742574
57,True,0.036998078432047096,0.036619513229767066,0.003,0.010232023346167162,5.7673739836945384e-06,1.8742970799013694,1.8742970799013694,none,0.6182784843770561
58,True,0.036619513229767066,0.03414875285901689,0.03,0.0674711418266958,9.821032887616605e-06,3.3854746535159648,3.3854746535159648,none,0.2973438448258135
59,True,0.03414875285901689,0.03153531989369845,0.03,0.07653084656145405,1.8776853734513346e-05,3.3160494559445173,3.3160494559445173,none,0.11968113847391498
60,True,0.031535316731768695,0.030200798981706845,0.003,0.042318197131581484,1.8343204883310798e-05,0.1819234425366348,0.1819234425366348,none,0.5626178830533438
61,True,0.030200798981706845,0.029302735043945764,0.003,0.02973642976482356,1.472400618034024e-05,0.14072345955045662,0.14072345955045662,none,0.9642551308620045
62,True,0.029302735043945764,0.028824761931984615,0.003,0.016311552871918836,2.1367642955431447e-05,2.5050628792421015,2.5050628792421015,none,0.3333590354813629
63,True,0.028824761931984615,0.028591190180715667,0.001,0.00810316323930395,1.514020881816639e-05,-0.11633795612546292,0.0,negative_beta_clamped,0.9999999999999969
64,False,0.02859118701878591,0.028763635505891054,0.001,-0.006031525973085232,1.065492622621148e-05,0.9788812877416525,0.9788812877416525,none,0.04364055791386572
