optimizer_step,mse,rmse,l2_distance,mse_ratio_to_m0,l2_distance_ratio_to_m0,teacher_normalized_rmse,gradient_norm,gradient_nonzero_fraction,x_T_update_norm,elapsed_seconds
1,0.12413695454597473,0.3523307459560899,90.19667096475901,1.0,1.0,0.5381839141556165,0.000719520277290161,0.99957275390625,12.45207028497319,1.3097438532859087
2,0.12099334597587585,0.3478409779998266,89.04729036795561,0.9746762873183373,0.9872569510103929,0.531325810172113,0.00036362874682433746,0.999755859375,10.64893354481588,2.2524512112140656
3,0.11937089264392853,0.34550093001890536,88.44823808483977,0.9616064215569179,0.9806153280246632,0.5277513955173071,0.0003453499682434827,0.9993743896484375,9.058866657943732,3.192348170094192
4,0.11819888651371002,0.34380064937941873,88.0129662411312,0.952165186797252,0.975789519720955,0.5251542231154527,0.0003197609974400225,0.999542236328125,8.230872729941783,4.131784218363464
5,0.11705176532268524,0.3421282878142134,87.58484168043863,0.9429244156246361,0.971042952512728,0.5225996969965264,0.00027030965710626224,0.9996185302734375,7.872213665086737,5.223917361348867
6,0.11606641113758087,0.34068520827529464,87.21541331847543,0.93498677780592,0.9669471432327209,0.5203953983265773,0.00022850809091413195,0.999359130859375,7.523223694769743,6.161778159439564
7,0.11537396162748337,0.33966742797548805,86.95486156172494,0.9294086684296259,0.964058436211014,0.5188407426747863,0.0002053459557322916,0.9994659423828125,7.0759202020729735,7.103029812686145
8,0.11487437039613724,0.3389312177951999,86.76639175557118,0.9253841518529677,0.9619688933915523,0.5177161843414126,0.0002041538998916975,0.99951171875,6.550085941203042,8.044003299437463
9,0.11448535323143005,0.33835684303916486,86.6193518180262,0.9222503778198444,0.9603386787065511,0.5168388290213247,0.0002180203521461415,0.9994964599609375,6.206610035769836,9.124146818183362
10,0.11401048302650452,0.3376543839882795,86.43952230099956,0.9184250044113993,0.9583449297676694,0.5157658254135538,0.000212503053454402,0.999664306640625,6.082972951712567,10.066151255741715
11,0.1135198324918747,0.336927043277732,86.25332307909939,0.9144725106803878,0.9562805606517303,0.5146548151624757,0.0001969949006107985,0.999664306640625,6.0502647451558405,11.003578102216125
12,0.11297231167554855,0.33611353985751385,86.04506620352355,0.9100618916320257,0.9539716408950665,0.5134121916903631,0.00023425253925270142,0.9994659423828125,6.044931973090626,11.943433462642133
13,0.11245144158601761,0.33533780220252174,85.84647736384557,0.9058659606827285,0.9517699095278902,0.512227255285257,0.00014203504115422642,0.9994964599609375,6.005484071422026,13.027829539962113
14,0.11202028393745422,0.334694314169593,85.68174442741581,0.9023927189704575,0.9499435346221676,0.5112443296897796,0.00014527214198997276,0.9996185302734375,5.90626506689404,13.969175770878792
15,0.11166335642337799,0.33416067456147197,85.54513268773682,0.8995174469341675,0.9484289361539785,0.5104291971577954,0.0001905532227452272,0.999603271484375,5.780067289950878,14.906816229224205
16,0.11133027076721191,0.3336619108726855,85.41744918340748,0.896834235819602,0.9470133239926468,0.5096673374638837,0.00014622427534397557,0.99951171875,5.662598962090254,15.846349449828267
17,0.11101363599300385,0.3331870885748784,85.29589467516887,0.8942835467410263,0.9456656632980952,0.5089420481563363,0.000161168447773756,0.9995574951171875,5.601201761076362,16.93371521681547
18,0.11066114902496338,0.3326577054946471,85.16037260662966,0.8914440460514075,0.9441631458870906,0.5081334174549949,0.00013772063087335567,0.999664306640625,5.548132446074538,17.875132739543915
19,0.11036118865013123,0.3322065451644974,85.04487556211133,0.8890276795799628,0.9428826435882478,0.5074442717157184,0.00012678867577660117,0.99969482421875,5.436409156117586,18.81241511274129
20,0.11005613952875137,0.3317471017639059,84.92725805155992,0.8865703201055375,0.9415786319291327,0.5067424736169113,0.00012845384622701543,0.99981689453125,5.355091679526587,19.910702128894627
21,0.1097792237997055,0.3313294792192592,84.82034668013036,0.8843395925187469,0.9403933179892054,0.506104556721218,0.0001375531682440199,0.9996337890625,5.313726787463666,20.853619932197034
22,0.10949036478996277,0.3308932830837803,84.70868046944776,0.8820126544139801,0.9391552876995263,0.5054382687340753,0.00013167330410209744,0.99969482421875,5.322705376569117,21.79404954519123
23,0.1091533750295639,0.3303836785156977,84.57822170001862,0.8792979933234822,0.9377089064968308,0.5046598496370475,0.00012049758495212083,0.9997406005859375,5.3177782460594605,22.734310486353934
24,0.1088639423251152,0.32994536263617225,84.4660128348601,0.8769664337527864,0.9364648598600944,0.5039903237486966,0.00011487982565479477,0.999481201171875,5.265797018923372,23.825804457068443
25,0.108602374792099,0.32954874418225144,84.36447851065637,0.874859345384356,0.935339160617343,0.5033844905240706,0.00011220029255701863,0.99951171875,5.216496408483683,24.76685010176152
26,0.10835301131010056,0.32917018593745784,84.2675675999892,0.8728505682002331,0.9342647206227115,0.5028062442022344,0.00011780876865783963,0.999359130859375,5.183284226002911,25.70570212509483
27,0.10808609426021576,0.32876449665408786,84.16371114344649,0.8707003861624908,0.9331132761688103,0.5021865553191012,0.00011363687512151621,0.999664306640625,5.176743075804084,26.645528321154416
28,0.10780813544988632,0.3283414921234999,84.05542198361597,0.8684612559103748,0.9319126868491355,0.5015404174597451,0.00011129471490468728,0.9997711181640625,5.175814930645635,27.72658698167652
29,0.1075524240732193,0.3279518624329176,83.9556767828269,0.8664013425058429,0.9308068234095852,0.5009452595453263,0.00010809908909321705,0.9998321533203125,5.179104226292276,28.665454938076437
30,0.10727559030056,0.32752952584547246,83.84755861644095,0.8641712751284708,0.9296081298743416,0.500300141966656,0.00010576684818888153,0.999725341796875,5.181883938316756,29.609739282168448
31,0.10702651739120483,0.32714907518011543,83.75016324610955,0.8621648386868315,0.9285283187317613,0.4997190049793932,0.0001142846867605891,0.9992218017578125,5.165619088591845,30.552687586285174
32,0.1067730188369751,0.32676140965079564,83.65092087060368,0.8601227509365971,0.9274280300576412,0.4991268473140541,0.00011180144215515173,0.99951171875,5.169477920696061,31.627736994065344
33,0.10652253031730652,0.3263778949581398,83.55274110928379,0.8581049108777304,0.9263395224634057,0.4985410300364003,0.00010346564901404852,0.9997711181640625,5.182711455676642,32.61778842844069
34,0.10625094175338745,0.325961564840684,83.4461605992151,0.8559170969031377,0.9251578767449032,0.4979050873184715,0.00010208531080196356,0.9997711181640625,5.203385514087599,33.55892979633063
35,0.10601562261581421,0.32560040327956324,83.35370323956819,0.8540214556057182,0.9241328127524302,0.49735341436674235,0.00010108890411133833,0.9998016357421875,5.224697707489732,34.542241542600095
36,0.1057550460100174,0.325200009240494,83.25120236556647,0.8519223497693469,0.92299639748449,0.49674181394973616,9.905949097209518e-05,0.99957275390625,5.25472283001487,35.63478288985789
37,0.10547654330730438,0.32477152477904275,83.14151034343494,0.849678838127454,0.9217802547936541,0.49608730551621033,0.00010633832993969683,0.9993438720703125,5.280406354621564,36.59146625734866
38,0.10519866645336151,0.32434343904781165,83.03192039623978,0.8474403680847565,0.9205652437957651,0.4954334061416243,0.00011291732157219784,0.9993438720703125,5.304190149374214,37.546644480898976
39,0.10493815690279007,0.3239415948944965,82.9290482929911,0.8453418024197276,0.9194247127523425,0.49481959068045905,0.00010223790715446204,0.9998016357421875,5.330754346012713,38.490272865630686
40,0.10467294603586197,0.3235319861093521,82.82418844399413,0.843205364741696,0.918262143803008,0.4941939147728305,0.00010972222911423039,0.9997406005859375,5.355922877340789,39.6342165954411
41,0.10438209772109985,0.3230821841592319,82.70903914476337,0.8408624015537729,0.9169854969157215,0.49350684395403605,0.0001065658035048766,0.99981689453125,5.3873792145993615,40.67940331529826
42,0.10416024923324585,0.3227386701857183,82.62109956754388,0.8390752746771276,0.9160105210515475,0.4929821276272476,0.00010489155716464078,0.9996337890625,5.402335004785884,41.701568216085434
43,0.10386812686920166,0.3222857844665223,82.5051608234297,0.8367220482336998,0.9147251216806608,0.49229034636257063,0.00012118544145385478,0.9990997314453125,5.40195776470473,42.71855112351477
44,0.10364913195371628,0.32194585251827096,82.41813824467737,0.8349579086486233,0.9137603124718338,0.4917711015661507,0.00011167718671316105,0.9997100830078125,5.410820369131394,43.804167247377336
45,0.10334359109401703,0.32147098017397624,82.29657092453792,0.8324965879176874,0.9124125097332277,0.4910457358127781,0.00010517261127115574,0.9998321533203125,5.422640233800184,44.742604959756136
46,0.10312774777412415,0.3211350927166387,82.21058373545951,0.8307578363857016,0.911459179769287,0.4905326689613026,0.00011410846245893517,0.9997100830078125,5.4358880316397045,45.68456525262445
47,0.10285341739654541,0.320707682160165,82.10116663300224,0.8285479354051105,0.910246085080903,0.48987980091366673,0.00012357430208206866,0.9994659423828125,5.4282227472450675,46.62369043100625
48,0.10257536172866821,0.3202738854928204,81.99011468616202,0.8263080249055,0.9090148650629978,0.48921717810524373,0.0001329471216210836,0.9992218017578125,5.427902592091202,47.7203279864043
49,0.10235985368490219,0.31993726523320504,81.90393989970049,0.8245719742302259,0.9080594552286902,0.48870299190099337,0.00011690511491385677,0.9994354248046875,5.4181927596476545,48.66173789370805
50,0.10211499035358429,0.3195543621257333,81.80591670418772,0.8225994485450785,0.906972683461348,0.48811810881745127,0.0001221343482574189,0.99957275390625,5.4133071661874705,49.59890813753009
51,0.10185371339321136,0.31914528571359374,81.70119314268,0.8204947009191316,0.9058116255155547,0.4874932461076228,0.0001402945594631417,0.9990997314453125,5.369291819052132,50.54046983644366
52,0.10159926116466522,0.3187463900417779,81.59907585069514,0.8184449307320282,0.9046794629768203,0.48688393444106637,0.00011390927960572263,0.9997100830078125,5.33985874550605,51.625872313044965
53,0.1013447716832161,0.3183469360355398,81.4968156250982,0.8163948604497346,0.9035457157497536,0.4862737699207405,0.0001273824093292003,0.999664306640625,5.307336378212772,52.56503348518163
54,0.10116143524646759,0.31805885500401904,81.42306688102887,0.8149179719807123,0.9027280720021463,0.4858337272082684,0.00012721107005943597,0.9997100830078125,5.2597125641479465,53.506348569877446
55,0.10093088448047638,0.31769621414249866,81.33023082047966,0.8130607428676376,0.901698809396817,0.48527979463063825,0.0001245939572264318,0.9994049072265625,5.2120705102860185,54.44457620475441
56,0.10069803893566132,0.31732954311828787,81.2363630382817,0.811185027890847,0.9006581082135701,0.48471970599437203,0.00012973120198197632,0.9996337890625,5.162045534193579,55.5277453083545
57,0.10047515481710434,0.3169781614198435,81.14640932347993,0.8093895583679143,0.8996608018402904,0.484182971746788,0.00014736491685275909,0.9994049072265625,5.113303844299753,56.46716001536697
58,0.10026706755161285,0.31664975533168005,81.06233736491009,0.8077132866545268,0.8987287058142333,0.48368133265911567,0.000134485781372719,0.999237060546875,5.040293317304907,57.40890231914818
59,0.1000375896692276,0.31628719491820656,80.96952189906088,0.8058647002829298,0.8976996715399475,0.48312752296558026,0.00011408713709299247,0.999420166015625,4.978159303485477,58.347971060313284
60,0.09988287091255188,0.31604251440676756,80.9068836881325,0.8046183449390146,0.8970052089809817,0.4827537743873615,0.00014569275310581835,0.9997406005859375,4.920478549639487,59.43425705563277
61,0.0997256189584732,0.3157936334989564,80.84317017573284,0.8033515831221664,0.8962988246796747,0.482373609719186,0.00013789711140747087,0.99932861328125,4.843752703546701,60.372049728408456
62,0.09955929219722748,0.31553017636547454,80.77572514956148,0.8020117181169867,0.8955510695192019,0.4819711799200928,0.0001418161486393547,0.999237060546875,4.75990646909797,61.31069889571518
63,0.09940838813781738,0.31529095790684736,80.71448522415292,0.8007960925205475,0.8948721095891566,0.48160577460738613,0.00013362112693566307,0.999664306640625,4.69149238487857,62.25033282767981
64,0.09922795742750168,0.3150046942943893,80.64120173936367,0.7993426114763603,0.8940596241170721,0.4811685079958251,0.00018093035758243753,0.999176025390625,4.63568994434384,63.33288195356727
65,0.09902186691761017,0.31467740134558464,80.55741474446967,0.7976824248651673,0.8931306874501441,0.48066856922441514,0.00014999922879177039,0.9994964599609375,4.515071891768911,64.75015029590577
66,0.0988965630531311,0.31447823939524194,80.50642928518194,0.7966730246834296,0.8925654175932594,0.4803643500802827,0.0001358041480142923,0.9995880126953125,4.431247668452468,65.68944687303156
67,0.09878142178058624,0.31429511892580553,80.45955044500622,0.795745490469577,0.892045677344819,0.48008463423903286,0.0001442545296909958,0.9990234375,4.358566090539406,66.62866686284542
68,0.09861747920513153,0.31403420069338234,80.39275537750588,0.7944248315565697,0.8913051282005336,0.4796860826019368,0.0001483947216164339,0.9994049072265625,4.279913967834567,67.6941145285964
69,0.09849084913730621,0.31383251765441106,80.34112451952923,0.7934047479860612,0.8907327028834527,0.4793780125042284,0.0001410859155482225,0.9997100830078125,4.200921770531693,68.6337415613234
70,0.09834594279527664,0.3136015669528401,80.28200113992706,0.7922374377152432,0.8900772088505824,0.4790252361599126,0.00015830259934278802,0.999359130859375,4.116237390855646,69.57329332176596
71,0.09827467054128647,0.313487911316029,80.25290529690342,0.7916632955973635,0.8897546266231849,0.47885162759413485,0.00015463691560742713,0.9994354248046875,4.018444543335602,70.51159004401416
72,0.09814247488975525,0.3132769938724439,80.19891043134564,0.7905983778054398,0.8891559918290153,0.47852945197745883,0.00013898075424754715,0.9994049072265625,3.9291925611247334,71.59246789198369
73,0.09803253412246704,0.3131014757590054,80.15397779430538,0.7897127368801384,0.8886578289083702,0.4782613487069389,0.00016811794434933524,0.99932861328125,3.878986458380591,72.53204259835184
74,0.09798035770654678,0.31301814277537776,80.1326445504967,0.7892924235567522,0.8884213097155831,0.4781340578819918,0.00014981727220105806,0.9994049072265625,3.741288195253461,73.47197990678251
75,0.0978257954120636,0.31277115501923064,80.06941568492304,0.7880473286126359,0.8877202986372655,0.4777567849959964,0.0001428645804944222,0.9993896484375,3.7036250494012677,74.41298282984644
76,0.09775283932685852,0.31265450472823597,80.03955321042841,0.7874596221921594,0.887389216855918,0.47757860210700515,0.00020126646714524905,0.9995269775390625,3.6640641036695905,75.49740034341812
77,0.09773269295692444,0.3126222848053613,80.0313049101725,0.7872973307133022,0.8872977689103597,0.47752938629372316,0.00017871641476511674,0.9994354248046875,3.479008771573982,76.43750001862645
78,0.0976264551281929,0.3124523245683938,79.98779508950881,0.786441519249906,0.8868153805893907,0.47726977265900106,0.00015333205419848007,0.9994354248046875,3.441959755884348,77.37672267016023
79,0.0975574478507042,0.3123418765562892,79.95952039841004,0.7858856229195901,0.8865019023778743,0.47710106372812466,0.00022556806017498264,0.99951171875,3.4255658042489445,78.31632424332201
80,0.09742331504821777,0.3121270815680975,79.90453288143296,0.7848051001777764,0.8858922621728764,0.47677296517637224,0.0001541098086281653,0.9995880126953125,3.1835393735729576,79.41678661853075
81,0.09740245342254639,0.31209366129824934,79.89597729235183,0.7846370468712676,0.8857974073518546,0.4767219158375182,0.00020589757762577883,0.999267578125,3.250724735574548,80.35843851137906
82,0.09733550995588303,0.31198639386339116,79.86851682902814,0.7840977758144884,0.8854929563889757,0.4765580652266476,0.0002333549512735463,0.9995574951171875,3.0676301805837882,81.29673331510276
83,0.09720642864704132,0.3117794551394324,79.81554051569469,0.783057945980465,0.884905614164847,0.47624196708951716,0.0001743925702825818,0.999603271484375,2.9561243903189705,82.2787253158167
84,0.09718616306781769,0.3117469535822567,79.80722011705771,0.7828946941969993,0.8848133668729239,0.4761923210808797,0.0001708450245206782,0.9995269775390625,2.9162663405835567,83.36673086788505
85,0.09716998785734177,0.3117210096502027,79.8005784704519,0.7827643928654169,0.8847397317095107,0.47615269182041453,0.0001766515829327552,0.9994049072265625,2.813760355093662,84.30861855577677
86,0.09709660708904266,0.31160328478538646,79.77044090505893,0.7821732653597722,0.8844056000273698,0.4759728675238765,0.00016635184816015682,0.9994049072265625,2.756421421775864,85.25011702440679
87,0.09702470153570175,0.31148788344926315,79.74089816301137,0.781594021623659,0.884078063082474,0.4757965924088419,0.0001634009327206842,0.999359130859375,2.7004230705460737,86.18997815065086
88,0.09702348709106445,0.31148593401799773,79.74039910860742,0.7815842385204587,0.8840725301243436,0.4757936146597785,0.0001883997632607488,0.99957275390625,2.6544500257041426,87.29291238542646
89,0.09692444652318954,0.31132691262271167,79.69968963141419,0.7807864054478081,0.8836211888857171,0.47555071006535454,0.0001707113572995248,0.9994049072265625,2.5999470040065784,88.23422663472593
90,0.09688633680343628,0.3112657012962339,79.68401953183587,0.7804794080682392,0.8834474563143183,0.47545720999006286,0.0001576956783849564,0.999542236328125,2.5648401750288783,89.17121781874448
91,0.09677236527204514,0.31108256986215915,79.63713788471274,0.7795612968433587,0.8829276849455784,0.4751774774003684,0.00024315276006136062,0.999359130859375,2.6457041562934114,90.11225544195622
92,0.09674856066703796,0.3110443065980118,79.62734248909102,0.7793695360168246,0.8828190845336459,0.4751190304055956,0.00015981990736111014,0.999542236328125,2.561421654416825,91.18362206034362
93,0.09680633991956711,0.3111371721918921,79.65111608112437,0.7798349836568159,0.8830826595833573,0.47526088225752317,0.000223388722613274,0.9994049072265625,2.6036956114282117,92.12300103530288
94,0.09672939032316208,0.3110134889730059,79.61945317708951,0.7792151070319505,0.8827316166491095,0.47507195659713297,0.00020427476659573416,0.999420166015625,2.4158104889598677,93.06162253394723
95,0.09666615724563599,0.31091181586687244,79.59342486191935,0.7787057254561147,0.8824430437462322,0.4749166513027432,0.00017016906951664287,0.99951171875,2.3911200979690572,94.02043428458273
96,0.09665331989526749,0.31089117050065523,79.58813964816774,0.7786023126535737,0.8823844471961038,0.47488511558203905,0.0002689076663350198,0.9993896484375,2.7612692722867855,95.11738254409283
97,0.09669353067874908,0.3109558339680236,79.60469349581405,0.7789262354018694,0.8825679777795415,0.47498388878980086,0.00021926073786502837,0.9994659423828125,2.2267093463518295,96.05808596406132
98,0.09668350219726562,0.31093970829931905,79.60056532462568,0.7788454497766691,0.8825222092257333,0.47495925689036717,0.00020418481596988256,0.9994049072265625,2.488421604492109,96.99770573526621
99,0.09658024460077286,0.31077362275581377,79.55804742548833,0.7780136459284885,0.8820508182233541,0.4747055618356089,0.00023709232877328838,0.99951171875,2.1834195931928746,97.93830845598131
100,0.09657910466194153,0.3107717887163208,79.55757791137812,0.7780044630156686,0.8820456127750245,0.474702760347052,0.00020397508156007197,0.999298095703125,2.25315129470924,99.02893304731697
101,0.09650580585002899,0.3106538360458937,79.52738202774879,0.7774139957194423,0.8817108345253801,0.4745225880782842,0.00019556626507906557,0.9995574951171875,2.0572846563814866,99.9683922836557
102,0.09650316834449768,0.3106495909292296,79.52629527788278,0.7773927489799765,0.8816987858560181,0.4745161036782466,0.00017992841066356028,0.999359130859375,2.0636268980325383,100.9089681962505
103,0.09650170058012009,0.3106472285086736,79.52569049822044,0.7773809252294828,0.8816920807342451,0.4745124950895659,0.0002343330808340238,0.9993743896484375,2.023860959842336,101.84962092060596
104,0.09641239047050476,0.31050344679327596,79.48888237907865,0.7766614770205109,0.8812839933985587,0.47429286904992884,0.00018199151304961375,0.999542236328125,1.9902342245657965,102.91715364065021
105,0.0963488519191742,0.3104011145585244,79.46268532698225,0.7761496346641155,0.8809935497290066,0.4741365569390075,0.00019273757064521205,0.999359130859375,1.914532481500246,103.85543445684016
106,0.0963665023446083,0.31042954489643587,79.46996349348758,0.7762918197652295,0.8810742419145104,0.4741799841752439,0.0001823208646773402,0.999267578125,1.8740030005244255,104.79495487641543
107,0.09636841714382172,0.3104326289935092,79.47075302233836,0.7763072446580055,0.8810829953290471,0.4741846951221414,0.00017912536510700635,0.9993438720703125,1.8613409647366037,105.73545964993536
108,0.09634121507406235,0.31038881273986396,79.45953606140517,0.7760881151501257,0.8809586341878519,0.4741177659564041,0.00019041628968058605,0.9994659423828125,1.8303262504576217,106.8281760122627
109,0.09635420143604279,0.31040973154210677,79.46489127477933,0.7761927283334273,0.8810180068156538,0.47414971934962824,0.0001701909309953195,0.9993133544921875,1.7536168423690859,107.7697009537369
110,0.09632942825555801,0.3103698249758794,79.45467519382512,0.7759931650319482,0.8809047423143708,0.47408876221699287,0.00018084476401057127,0.999359130859375,1.7780418084806204,108.7095936499536
111,0.09629490971565247,0.31031421126924313,79.44043808492624,0.7757150968287141,0.8807468971439604,0.47400381248535084,0.00022133802697873979,0.999237060546875,1.785253897793092,109.66939214151353
112,0.09619931876659393,0.3101601501911455,79.40099844893325,0.7749450525706754,0.8803096344870226,0.47376848475712596,0.00016069395908692904,0.9996490478515625,1.7132663017466991,110.76405796222389
113,0.09626153111457825,0.31026042466705006,79.42666871476482,0.7754462115383,0.8805942377385284,0.47392165364900274,0.00018844934651878262,0.9994659423828125,1.731698718580623,111.70502588525414
114,0.096253901720047,0.3102481292772722,79.42352109498168,0.7753847520433481,0.8805593404440998,0.47390287248649376,0.00017899432326496796,0.999542236328125,1.7106208128715186,112.643858875148
115,0.09621421992778778,0.3101841709819954,79.40714777139083,0.7750650906467531,0.8803778113098677,0.4738051764264994,0.00020162353669604904,0.9994659423828125,1.6998916379836848,113.58332151453942
116,0.09616099298000336,0.310098360169807,79.3851802034706,0.7746363146390035,0.8801342594394355,0.47367410072757027,0.00017771452346560014,0.9993438720703125,1.5977466229653658,114.6845557577908
117,0.09622050821781158,0.3101943071976202,79.40974264259077,0.775115746714858,0.8804065803450459,0.47382065945845814,0.0001622376833812574,0.9995574951171875,1.6288659385314643,115.62573876418173
118,0.09616968035697937,0.31011236730736713,79.38876603068599,0.7747062968373568,0.8801740150886964,0.47369549657849935,0.0002418742549426149,0.9995574951171875,1.9134090313193002,116.56604392360896
119,0.0962204784154892,0.3101942591594648,79.40973034482299,0.7751155066387058,0.8804064440011249,0.47382058608035305,0.0002110929549039819,0.9993743896484375,1.5540825620959557,117.50601835176349
120,0.09617245197296143,0.31011683600372525,79.38991001695366,0.7747286239195073,0.8801866983313865,0.4737023224956945,0.00019356596787545752,0.9995574951171875,1.8554026238303423,118.59897160343826
121,0.09621226787567139,0.3101810243642757,79.40634223725458,0.775049365658787,0.8803688804465927,0.4738003699795453,0.00041225527876804585,0.99951171875,2.872586800631525,119.53827348258346
122,0.096193328499794,0.31015049330896444,79.3985262870949,0.7748967972640922,0.8802822259162637,0.47375373390523356,0.00024391979785788145,0.9995269775390625,1.8282499000254115,120.47843508515507
123,0.09630641341209412,0.31033274627743385,79.44518304702306,0.775807766223446,0.8807995039868303,0.4740321246419579,0.00024342365079390733,0.999542236328125,1.9091301679909247,121.41989494021982
124,0.0961584746837616,0.31009429966344365,79.38414071384157,0.7746160282041463,0.880122734738824,0.4736678983190857,0.000180688178748867,0.9996337890625,2.1023034058630508,122.5238511171192
125,0.09623323380947113,0.31021481881024177,79.41499361542189,0.7752182592318283,0.8804647972700715,0.4738519908710385,0.00030528443540608056,0.9994964599609375,1.752026312439006,123.46451564319432
126,0.09612032026052475,0.3100327728813919,79.36838985763633,0.7743086707103494,0.8799481068280954,0.473573916386569,0.00019739587892254087,0.99945068359375,1.7709189837658568,124.40512606408447
127,0.09614445269107819,0.31007168959948306,79.37835253746766,0.7745030723745572,0.8800585619006027,0.4736333615298293,0.00018717635785986452,0.99951171875,1.62237895356072,125.34427550714463
128,0.09610888361930847,0.31001432808712,79.36366799030272,0.7742165414869596,0.8798957560341791,0.47354574203138994,0.00020557287670148463,0.999481201171875,1.7182746205815913,126.41222271695733
129,0.0960526168346405,0.3099235661169387,79.34043292593631,0.7737632777116902,0.8796381515780736,0.4734071034568992,0.00019399380767561587,0.9995574951171875,1.658926112035268,127.84106092434376
130,0.09607741236686707,0.3099635661926528,79.35067294531912,0.7739630210702835,0.8797516814819301,0.4734682034249304,0.00024330862394014965,0.999603271484375,1.6828491090528905,128.78093417920172
131,0.09597229957580566,0.30979396310419877,79.30725455467488,0.7731162724816312,0.8792703068349523,0.4732091353332446,0.0001735892502168563,0.9991912841796875,1.5885465984739153,129.72095021419227
132,0.09602418541908264,0.30987769429096157,79.32868973848616,0.7735342450625339,0.8795079562246915,0.4733370344120111,0.00019253261575767448,0.9993896484375,1.5072530634251113,130.80893918778747
133,0.09599069505929947,0.30982365154923125,79.3148547966032,0.7732644594865491,0.8793545698332096,0.4732544843234652,0.00018418208022026792,0.99957275390625,1.4580789696374024,131.7493812283501
134,0.09600214660167694,0.3098421317407898,79.31958572564218,0.7733567087480149,0.8794070210931993,0.47328271274786887,0.00017175713239550372,0.9993743896484375,1.4372696288527989,132.68983911909163
135,0.09599655866622925,0.3098331142183309,79.3172772398927,0.7733116944694857,0.8793814271802002,0.47326893851559243,0.00018014423002636078,0.999481201171875,1.4531911528427393,133.63008482102305
136,0.09605560451745987,0.3099283861111464,79.34166684445348,0.7737873453459437,0.8796518318891535,0.47341446598026304,0.00021303151392155806,0.9993896484375,1.5076153410941988,134.70874375943094
137,0.0959937795996666,0.30982862940610667,79.31612912796331,0.7732893073682973,0.8793686981967787,0.4732620879814714,0.00020331732305602868,0.9993438720703125,1.419013039741961,135.64773968420923
138,0.0959387719631195,0.3097398456174464,79.29340047806627,0.7728461868104562,0.8791167082989928,0.4731264710719533,0.00018912611594283928,0.99945068359375,1.3925036348119597,136.58625517971814
139,0.09600422531366348,0.30984548619217206,79.32044446519605,0.7733734540596278,0.879416541838751,0.47328783665997554,0.00019658922421411252,0.9994964599609375,1.394152314862491,137.52669899910688
140,0.0959257185459137,0.3097187733184957,79.2880059695349,0.7727410334558121,0.8790569000103533,0.47309428321307434,0.00021856421164547123,0.9995269775390625,1.4338724391630764,138.59335497487336
141,0.0959053784608841,0.30968593520029947,79.27959941127666,0.7725771814819661,0.8789636974767308,0.4730441231087202,0.00019149988659724327,0.999420166015625,1.3223008287566869,139.53711564466357
142,0.09591151773929596,0.30969584714570514,79.28213686930052,0.7726266371693101,0.8789918299787035,0.4730592635687469,0.00022133846509895838,0.9995574951171875,1.3831517003372622,140.47933880705386
143,0.09594288468360901,0.3097464845379347,79.29510004171128,0.7728793173194537,0.8791355511634447,0.47313661199849794,0.00024140495398580446,0.99957275390625,1.5172152170819229,141.42504054214805
144,0.09590581804513931,0.3096866449253815,79.27978110089767,0.7725807226052104,0.8789657118484261,0.4730452072111637,0.00017960081300918014,0.99957275390625,1.2612137889107828,142.5544891115278
145,0.09594228863716125,0.3097455223843619,79.29485373039665,0.7728745157964106,0.8791328203385484,0.47313514231246645,0.0003150076324146948,0.999481201171875,1.6466681189330725,143.50065415352583
146,0.09591542184352875,0.30970215020811326,79.283750453277,0.7726580871452424,0.879009719596571,0.47306889147331355,0.00027544776623971405,0.999542236328125,1.5788310516830755,144.44649519678205
147,0.09591242671012878,0.30969731466405837,79.28251255399894,0.7726339594919508,0.8789959951512583,0.4730615051976155,0.0001701589606238616,0.9995269775390625,1.2157066058269315,145.39501761551946
148,0.09591235220432281,0.3096971943759304,79.28248176023818,0.7726333593015705,0.8789956537444144,0.47306132145794394,0.00017357600423055882,0.999481201171875,1.3336789289884403,146.51099115610123
149,0.09587162733078003,0.30963143789153585,79.26564810023318,0.77230529523965,0.8788090209139013,0.4729608786707085,0.0002059868116009423,0.9990081787109375,1.2852673776354828,147.4700121814385
150,0.09588983654975891,0.30966084116297127,79.27317533772064,0.772451981768617,0.8788924745204143,0.47300579205931204,0.00022477669121785508,0.99932861328125,1.316383914180983,148.4133812347427
151,0.09591702371835709,0.3097047363511851,79.28441250590339,0.7726709912384209,0.8790170596970349,0.4730728417973115,0.0001667634867954054,0.999481201171875,1.1565951367138683,149.35540523100644
152,0.09587269276380539,0.3096331583726223,79.2660885433913,0.7723138779620896,0.8788139040559665,0.47296350669921855,0.00017207880532673397,0.999664306640625,1.2368806133680426,150.43222232814878
153,0.09587720036506653,0.3096404372252864,79.26795192967332,0.772350189480103,0.8788345632029404,0.47297462511980004,0.00017445531976734082,0.999542236328125,1.0961134054463715,151.37327393423766
154,0.09582869708538055,0.3095621053769026,79.24789897648706,0.7719594655424701,0.8786122384433704,0.47285497351048095,0.00015676885556203707,0.99920654296875,1.1445825578171134,152.32271624263376
155,0.09580203145742416,0.3095190324639572,79.23687231077304,0.7717446574053289,0.8784899870831363,0.47278917979491936,0.00015649043661560417,0.99957275390625,1.1082298441289256,153.26590726990253
156,0.09581141173839569,0.3095341850884902,79.24075138265349,0.7718202213742199,0.8785329939018909,0.4728123253729721,0.00016531101147850268,0.99945068359375,1.076697003512839,154.38089267723262
157,0.09577134996652603,0.30946946532174385,79.22418312236643,0.771497499006685,0.8783493035271814,0.4727134661681182,0.00017885569834693086,0.99920654296875,1.0510418015722398,155.32628070842475
158,0.09580791741609573,0.309528540551749,79.23930638124774,0.7717920724453797,0.878516973339377,0.4728037033639313,0.00016807948865043214,0.9995269775390625,1.0354741032230932,156.29885974433273
159,0.09577063471078873,0.30946830970357647,79.22388728411558,0.7714917371790332,0.8783460236029039,0.4727117009656324,0.00015697546947224215,0.9993438720703125,0.9877336078402793,157.249483239837
160,0.09577912092208862,0.3094820203535072,79.22739721049784,0.7715600988633594,0.8783849377484564,0.47273264393280184,0.00017168095215947654,0.9993133544921875,1.0000577066695475,158.32859617099166
161,0.09576517343521118,0.30945948593509165,79.22162839938346,0.7714477432241507,0.8783209796106152,0.47269822269183637,0.00016737018914364095,0.9990997314453125,0.9880435310837467,159.27047019731253
162,0.09574214369058609,0.3094222740698964,79.21210216189348,0.7712622243775725,0.8782153633235827,0.4726413817050827,0.00016418041626545393,0.99932861328125,0.9945829858089145,160.2092432938516
163,0.0957208052277565,0.309387791012762,79.20327449926707,0.7710903298526293,0.8781174920548098,0.4725887089625711,0.0001746470269087928,0.99957275390625,1.0088883099954014,161.1507551241666
164,0.0957213044166565,0.30938859774829536,79.20348102356361,0.7710943511281778,0.8781197817656643,0.47258994124812104,0.00024358465094307153,0.99951171875,0.9872129633689257,162.21467023529112
165,0.095749631524086,0.3094343735335265,79.21519962458278,0.7713225435108017,0.8782497045321459,0.472659863591124,0.0001785692824987138,0.9994659423828125,1.0133780481017742,163.1560003636405
166,0.09577836096286774,0.3094807925588723,79.2270828950713,0.7715539769214795,0.8783814529698811,0.47273076848102824,0.00017308027436304312,0.999481201171875,1.0874391200436913,164.0956776700914
167,0.09568843245506287,0.3093354691189856,79.1898800944603,0.7708295471323504,0.877968989846652,0.4725087874629239,0.0002010231366032762,0.999359130859375,1.0331867709444196,165.03966501820832
168,0.09582392871379852,0.30955440347990293,79.24592729085515,0.7719210533581252,0.8785903785941007,0.47284320889123815,0.0002021140196260434,0.999420166015625,0.9664497941335515,166.15666032861918
169,0.09569169580936432,0.30934074385596916,79.1912304271281,0.7708558354710114,0.8779839608278794,0.4725168446041997,0.0002033765313519733,0.9996185302734375,0.9216599303607834,167.09945402294397
170,0.09569472074508667,0.3093456331437162,79.19248208479135,0.7708802032004551,0.8779978378108086,0.4725243129731892,0.00016367490268064022,0.9995574951171875,0.8700538818614911,168.0402168771252
171,0.09568127244710922,0.30932389569367125,79.18691729757984,0.770771868836795,0.8779361416622481,0.47249110909846853,0.00014724862045435185,0.99945068359375,0.8737656281711981,168.98019960988313
172,0.09566427767276764,0.3092964236339755,79.17988445029773,0.7706349654110284,0.8778581693024383,0.47244914562867013,0.00018719533099036614,0.999359130859375,0.8789084050623501,170.06524068582803
173,0.09570978581905365,0.3093699820911099,79.19871541532413,0.7710015616953698,0.8780669460214122,0.47256150590047213,0.00016905555525029763,0.9994659423828125,0.8821105480401799,171.0062524387613
174,0.09567735344171524,0.3093175608362953,79.1852955740916,0.7707402988227866,0.8779181618025603,0.4724814326272058,0.00018417563474522808,0.9996490478515625,0.9254631717838511,171.94675191957504
175,0.09571848809719086,0.3093840462874433,79.20231584958549,0.7710716639317992,0.878106863617293,0.4725829889084669,0.00020261841916231266,0.9995269775390625,0.8466748004731379,172.89319096505642
176,0.09566229581832886,0.309293219806592,79.17906427048756,0.77061900034691,0.8778490760642799,0.4724442517941657,0.0001762966265370735,0.99951171875,0.9755849623433319,173.9837967986241
177,0.09568848460912704,0.3093355534191423,79.18990167530043,0.7708299672656167,0.8779692291109163,0.4725089162311022,0.00035778031273412097,0.9996185302734375,1.625478284115394,174.92320485878736
178,0.09577743709087372,0.3094792999392265,79.22670078444199,0.7715465345607627,0.8783772165537781,0.4727284885100279,0.0002716580348898031,0.999542236328125,0.8675550416441553,175.86369845457375
179,0.09576863795518875,0.30946508358002,79.22306139648512,0.7714756520768388,0.878336867082806,0.47270677307380604,0.0002777485223995848,0.9994354248046875,1.3883012309066876,176.80312317889184
180,0.09567303955554962,0.3093105875257904,79.18351040660234,0.7707055477997621,0.877898369858244,0.47247078092114486,0.000537742284226333,0.9991455078125,2.0618195329251785,177.88744276203215
181,0.0958840399980545,0.3096514815046983,79.27077926520276,0.7724052869570228,0.8788659095431013,0.4729914952158423,0.0006772143087173994,0.9994964599609375,2.9558205111932434,178.8254913855344
182,0.09584995359182358,0.3095964366587955,79.25668778465165,0.772130699857995,0.8787096789372443,0.47290741441687123,0.0002574055357071843,0.99951171875,2.060667526049115,179.7669118437916
183,0.09601159393787384,0.30985737676852854,79.3234884527433,0.7734328128882482,0.8794502901746342,0.47330599947147733,0.0002735927295853601,0.999481201171875,1.6262425600754036,180.7074618684128
184,0.09600834548473358,0.309852134871996,79.32214652723097,0.7734066445876632,0.8794354124025614,0.47329799249386934,0.00024566839269338876,0.9995574951171875,1.6113600219649078,181.7873604921624
185,0.09589585661888123,0.3096705614340524,79.27566372711742,0.7725004771513524,0.8789200630042259,0.4730206397375154,0.00019372133361846727,0.9996337890625,1.6199387620584764,182.72741292510182
186,0.09587164968252182,0.30963147398564284,79.26565734032457,0.7723054752967642,0.8788091233577199,0.47296093380432375,0.0002568961026102422,0.9993743896484375,1.4861998567670862,183.66974388156086
187,0.09580536931753159,0.30952442442807576,79.2382526535874,0.7717715459343704,0.8785052907833681,0.4727974160002112,0.0002624472376049921,0.9993133544921875,1.3841015542609374,184.61031414475292
188,0.09579165279865265,0.30950226622539073,79.23258015370003,0.7716610508853409,0.8784424004368987,0.4727635694273856,0.00024446060018451434,0.9991607666015625,1.274958160083534,185.68288628105074
189,0.09585939347743988,0.3096116817522231,79.26059052856911,0.7722067439791902,0.8787529482051198,0.4729307012408192,0.00021026534027581494,0.999298095703125,1.1433929822762452,186.62555889040232
190,0.0958530455827713,0.3096014302014306,79.25796613156623,0.7721556077587811,0.8787238518207987,0.4729150420348175,0.0002155011181910542,0.9994964599609375,1.0969546886758865,187.5658094258979
191,0.09571169316768646,0.3093730647093998,79.19950456560635,0.7710169265691077,0.8780756952388032,0.47256621458853343,0.0002065017353086951,0.9995880126953125,1.1425445844604847,188.50773166306317
192,0.09574203193187714,0.3094220934773035,79.21205593018969,0.771261324092002,0.8782148507580602,0.47264110585056346,0.00023488735191314652,0.999298095703125,1.1361629768135408,189.59916028380394
193,0.09577280282974243,0.30947181265786133,79.2247840404125,0.7715092027191025,0.8783559658356641,0.4727170517153747,0.00019327593572284615,0.9994659423828125,1.0274099601682065,191.04424033593386
194,0.09571675956249237,0.3093812527650833,79.20160070786133,0.7710577395149741,0.8780989349241771,0.4725787218133716,0.00021157749745905147,0.9996490478515625,0.920221370890479,191.9845284083858
195,0.09570883214473724,0.30936844077044645,79.19832083723429,0.7709938792585008,0.8780625713800245,0.47255915153884703,0.00018701574804775973,0.999420166015625,0.8892760315412158,192.92875408101827
196,0.09569741040468216,0.3093499804504312,79.19359499531039,0.7709018700731872,0.878010176520288,0.47253095346815244,0.00018873039144048936,0.9994659423828125,0.8754126789440341,194.00887721590698
197,0.09562073647975922,0.30922602814083944,79.1618632040549,0.7702842141527293,0.8776583698414374,0.4723416167727025,0.00014992422975883103,0.999664306640625,0.8102529289892098,194.95083571318537
198,0.09565739333629608,0.30928529440679214,79.17703536813879,0.7705795078198805,0.8778265818599255,0.47243214577522047,0.0001751618030200036,0.99932861328125,0.7168608741304897,195.8906368901953
199,0.09567597508430481,0.3093153327662643,79.18472518816365,0.7707291953007493,0.8779118380001202,0.4724780292584562,0.00015956211313241804,0.999420166015625,0.6782748473831536,196.83143546804786
200,0.0956568568944931,0.30928442717746574,79.17681335743123,0.7705751864491417,0.8778241204530334,0.4724308210856249,0.00014622444442238965,0.9993896484375,0.6612760139265292,197.8947051540017
201,0.09567361325025558,0.3093115149008449,79.1837478146163,0.770710169265691,0.8779010019732812,0.47247219748311814,0.0001618600427008572,0.9994659423828125,0.6628158873521198,198.83532000612468
202,0.09571412950754166,0.3093770022279317,79.20051257035051,0.7710365527945464,0.8780868708701585,0.4725722291335593,0.00017743344639071512,0.999359130859375,0.6676884769337692,199.77630602009594
203,0.09567500650882721,0.3093137670858302,79.18432437397253,0.7707213928258043,0.8779073942198028,0.4724756376873714,0.00014648019731014058,0.99957275390625,0.6334389421024164,200.72225486207753
204,0.0956537202000618,0.3092793562461966,79.17551519902634,0.7705499184341273,0.8778097279217901,0.47242307525682586,0.00016993774513870372,0.999359130859375,0.5813805155099061,201.81071114726365
205,0.0955936536192894,0.3091822336734266,79.15065182039721,0.770066044949458,0.877534070534847,0.4722747208853548,0.00014456481530405313,0.9995269775390625,0.5522600557405669,202.76041239872575
206,0.09566435217857361,0.3092965440779667,79.17991528395947,0.7706355656014088,0.8778585111516597,0.47244932960642216,0.0001545377122109108,0.9993896484375,0.5208973741440739,203.70648504514247
207,0.09566431492567062,0.30929648385597697,79.1798998671301,0.7706352655062185,0.8778583402270657,0.4724492376175551,0.0001762339906452646,0.9994354248046875,0.5019649749248042,204.65656839311123
208,0.0956440418958664,0.3092637093094927,79.17150958323013,0.7704719537037148,0.8777653181253602,0.4723991746187563,0.000152489092566303,0.9994049072265625,0.49074851689870475,205.74555245786905
209,0.09558655321598053,0.30917075090632445,79.14771223201906,0.770008846806207,0.8775014796604088,0.47225718100098396,0.00013375241224206384,0.9994659423828125,0.4719413984839718,206.6859261598438
210,0.0956072136759758,0.30920416180248256,79.15626542143553,0.7701752795986887,0.8775963078766277,0.47230821602156103,0.0001395632803425907,0.9994354248046875,0.4387660386537406,207.63792561739683
211,0.09553860127925873,0.3090931919005314,79.12785712653604,0.7696225642773888,0.8772813484153125,0.47213870990587004,0.00013124530815931718,0.9994964599609375,0.43127210513462727,208.5792461493984
212,0.09561814367771149,0.30922183570652234,79.16078994086972,0.7702633275274917,0.877646470697337,0.4723352128447555,0.00015046017426615738,0.999298095703125,0.4035183598394754,209.64455350488424
213,0.09558834135532379,0.30917364272415554,79.14845253738382,0.7700232513753362,0.8775096873398812,0.47226159824204855,0.00015138447493954062,0.9992523193359375,0.37325017400746574,210.59285098686814
214,0.09560926258563995,0.3092074749834485,79.15711359576282,0.7701917848341494,0.8776057114867413,0.47231327689325914,0.00013046036274761696,0.999542236328125,0.3589906747187753,211.53457662370056
215,0.09555508196353912,0.30911985048446683,79.13468172402351,0.7697553263895308,0.8773570119338711,0.4721794307944467,0.00011648426512569404,0.99932861328125,0.3420542528596757,212.47628603689373
216,0.09557027369737625,0.30914442207061776,79.14097205007815,0.769877705208092,0.8774267520471962,0.4722169638016097,0.0001383888261790577,0.9991912841796875,0.3366712223356115,213.55994070600718
217,0.09563092142343521,0.3092424961473361,79.16607901371805,0.7703662601777284,0.877705110032822,0.47236677159185025,0.0001073954168941585,0.99932861328125,0.30315608849963166,214.50119167659432
218,0.09560074657201767,0.3091937039656818,79.15358821521454,0.770123183073671,0.8775666260026477,0.472292241714443,0.00013735466263883016,0.99945068359375,0.2847048585819977,215.44348693080246
219,0.0956028625369072,0.3091971256931526,79.15446417744707,0.770140228480474,0.8775763376940345,0.4722974683905266,0.00012462657657713824,0.9995574951171875,0.2862122895721257,216.39507382176816
220,0.09555436670780182,0.30911869355928934,79.13438555117807,0.769749564561879,0.8773537282999823,0.4721776635955078,0.00012932872127718376,0.999114990234375,0.26832862612330627,217.48978965729475
221,0.09560248255729675,0.3091965112307976,79.15430687508419,0.770137167509534,0.8775745937010334,0.47229652980154707,0.0001418556210440883,0.9993896484375,0.2424807594807865,218.43115281686187
222,0.09558498859405518,0.3091682205435338,79.14706445914466,0.7699962428082188,0.8774942978778942,0.47225331588115965,0.0001268826778283436,0.9990386962890625,0.23273750694637826,219.37127300538123
223,0.09554515779018402,0.3091037977608558,79.13057222677908,0.769675381030863,0.8773114504159073,0.4721549103183741,0.00011367225468791998,0.9993896484375,0.21883781163897448,220.3127261865884
224,0.09555203467607498,0.3091149214710849,79.13341989659773,0.7697307786029729,0.8773430221999675,0.47217190174469653,0.00011898404300764799,0.9994964599609375,0.19754480185546444,221.42642178200185
225,0.09558369219303131,0.3091661239415329,79.14652772903243,0.7699857994956,0.8774883472135683,0.4722501133293409,0.00011395839851058907,0.9994964599609375,0.1837841283803167,222.37755496799946
226,0.09555991739034653,0.30912767166713906,79.1366839467876,0.769794278745218,0.8773792103447733,0.4721913776221141,0.00011403508356147621,0.9993896484375,0.17811077145170742,223.32028048392385
227,0.09554389119148254,0.30910174892983466,79.13004772603767,0.7696651777943964,0.8773056353371933,0.4721517807365507,0.00011141427998596825,0.9994964599609375,0.1699399266531437,224.26188225392252
228,0.09556140005588531,0.3091300698021551,79.13729786935171,0.7698062225337877,0.8773860168328348,0.47219504076450075,0.00011049727454095163,0.9993438720703125,0.159450947793267,225.34916586242616
229,0.09554878622293472,0.30910966698396014,79.1320747478938,0.7697046103023879,0.8773281086927445,0.4721638755350054,0.00013776275299112866,0.9990997314453125,0.143681418986979,226.29292782582343
230,0.09554845094680786,0.30910912465795615,79.13193591243677,0.7697019094456762,0.8773265694401807,0.4721630471340358,0.00012113289069793085,0.9993133544921875,0.13633763805170077,227.2357771890238
231,0.09558570384979248,0.30916937728337923,79.14736058454508,0.7700020046358705,0.8774975809857658,0.4722550827970045,0.00010639580962854934,0.999237060546875,0.12179536693621866,228.17582807131112
232,0.09553790092468262,0.30909205898030223,79.12756709895737,0.7696169224878131,0.8772781329132815,0.4721369793744011,0.00011810323720287785,0.999420166015625,0.11152090183014565,229.26749276462942
233,0.09557212889194489,0.3091474225866114,79.14174018217251,0.7698926499485637,0.8774352682383832,0.47222154707871644,0.00012354387909259708,0.99932861328125,0.10704518325724542,230.2085361108184
234,0.09557630121707916,0.309154170628635,79.14346768093056,0.7699262606098655,0.8774544208161842,0.47223185468800355,0.00010227591987167446,0.9996337890625,0.09910949446698365,231.1507012238726
235,0.09556291252374649,0.30913251612172166,79.13792412716074,0.7698184063985096,0.8773929600803221,0.47219877750861033,0.00011327905564455999,0.9994659423828125,0.08987734797669511,232.09214542619884
236,0.09555353224277496,0.3091173438077763,79.13404001479073,0.7697428424296187,0.8773498973782459,0.47217560185505286,0.00010189915369609698,0.9992828369140625,0.08223294514261117,233.18253090791404
237,0.09555339068174362,0.30911711483148846,79.13398139686105,0.7697417020678959,0.8773492474880775,0.4721752520946183,0.00011228083899611953,0.999420166015625,0.07302930724305247,234.12309597060084
238,0.09553007036447525,0.30907939168517085,79.12432427140374,0.7695538424788343,0.8772421800613752,0.4721176301278371,9.114648296693824e-05,0.999267578125,0.06697314171225498,235.06320119090378
239,0.09555622190237045,0.30912169432501896,79.13515374720485,0.7697645093023507,0.8773622451999805,0.4721822472540853,8.610847460139854e-05,0.9994354248046875,0.060343907101359576,236.00354851223528
240,0.09551818668842316,0.30906016677731724,79.11940269499321,0.7694581121131623,0.8771876151161518,0.4720882641520411,0.00010879288231374585,0.999542236328125,0.056184992983301436,237.0953742051497
241,0.09555912017822266,0.3091263822099671,79.13635384575157,0.7697878567081479,0.8773755505529817,0.4721894079810427,9.655693116455229e-05,0.9993438720703125,0.04955695307271754,238.0405204165727
242,0.09557195752859116,0.3091471454317364,79.14166923052451,0.7698912695106888,0.8774344816057145,0.4722211237256677,9.608409172961931e-05,0.999420166015625,0.04266172870816652,238.98175411485136
243,0.09554373472929001,0.3091014958380014,79.12998293452836,0.7696639173945976,0.8773049170012656,0.4721513941397094,0.0001168163310441917,0.9993133544921875,0.03659085037006245,239.92351454682648
244,0.09554147720336914,0.3090978440613411,79.12904807970332,0.7696457316260717,0.8772945523745556,0.47214581606433786,0.00011504643517949668,0.9994354248046875,0.03262404536823339,241.00528842397034
245,0.09554477035999298,0.3091031710610439,79.13041179162724,0.769672260040885,0.8773096716900395,0.4721539530367243,8.44336238538952e-05,0.999114990234375,0.0272113800746944,241.955865428783
246,0.0955413281917572,0.3090976030184595,79.12898637272563,0.769644531245311,0.8772938682364712,0.4721454478722258,8.474925444334893e-05,0.9992523193359375,0.022659039276858514,242.98595655709505
247,0.09553730487823486,0.3090910947896022,79.12732026613817,0.76961212096477,0.8772753963065247,0.4721355065766652,8.544139926915898e-05,0.999298095703125,0.018671303470403338,243.92950834706426
248,0.09555934369564056,0.30912674374055793,79.13644639758283,0.7697896572792889,0.87737657666437,0.472189960217686,9.80289187698402e-05,0.999481201171875,0.014716547554146803,245.00304804276675
249,0.09554243087768555,0.309099386731332,79.129443003221,0.7696534140629407,0.8772989308456615,0.47214817248705565,9.835793868117407e-05,0.9991455078125,0.011406002021832468,246.0743920886889
250,0.0955289974808693,0.30907765606861537,79.12387995356553,0.7695451997373567,0.8772372539611827,0.47211497897995397,8.735920602352815e-05,0.9993438720703125,0.008587525880801413,247.01838235277683
251,0.09555719792842865,0.3091232730294318,79.13555789553455,0.7697723717963338,0.8773667259455044,0.4721846587192497,9.673804921322897e-05,0.9991607666015625,0.005952627323786827,248.00253864657134
252,0.09554325044155121,0.30910071245720416,79.12978238904427,0.7696600161571251,0.8773026935768093,0.47215019752843274,9.469736417205329e-05,0.99932861328125,0.003996301753629476,249.08769841492176
253,0.09555275738239288,0.3091160904618083,79.13371915822293,0.7697366004496626,0.8773463400787983,0.47217368737371235,8.39033601398886e-05,0.99920654296875,0.0022792280562055393,250.02889490872622
254,0.09557688236236572,0.3091551105228017,79.14370829383724,0.7699309420948325,0.8774570884634944,0.4722332903728745,0.00010524351281087361,0.9991912841796875,0.0010234162893113215,250.97136323619634
255,0.09555307030677795,0.3091165966213687,79.13384873507039,0.7697391212492602,0.8773477766822347,0.4721744605305728,8.816992417237214e-05,0.99945068359375,0.0002517887350676228,251.91349755506963
256,0.09553645551204681,0.3090897208126579,79.12696852804042,0.7696052787944336,0.8772714966271464,0.47213340783195346,9.763682132377337e-05,0.9994049072265625,0.0,253.00448547210544
