arm,optimizer_step,mode,raw_mean_norm,unit_mean_norm_before_match,applied_norm_before_clip,norm_match_relative_error,raw_vs_unit_balanced_cosine,raw_vs_applied_cosine,intervention_active,micro_gradient_norm_minimum,micro_gradient_norm_median,micro_gradient_norm_maximum,micro_gradient_norm_max_min_ratio,pairwise_cosine_minimum,pairwise_cosine_median,pairwise_cosine_maximum,negative_pairwise_cosine_fraction
raw-mean-control,1,raw-mean,3.175675630569458,0.43320631980895996,3.175675630569458,0.0,0.8967180848121643,1.0000001192092896,False,1.1501485109329224,6.039806604385376,19.814281463623047,17.227585199020123,-0.7615385055541992,0.1940673142671585,0.7994890809059143,0.42857142857142855
raw-mean-control,2,raw-mean,6.633224010467529,0.3603898584842682,6.633224010467529,0.0,0.8499823808670044,1.0000001192092896,False,1.4128183126449585,5.956387042999268,22.889684677124023,16.201435437421463,-0.6022699475288391,-0.012393811019137502,0.8252840042114258,0.5
raw-mean-control,3,raw-mean,3.326453924179077,0.5213807225227356,3.326453924179077,0.0,0.904683530330658,0.9999998807907104,False,1.6144657135009766,4.257458686828613,12.56920337677002,7.785364081541033,-0.2791185975074768,0.13112003356218338,0.7647203207015991,0.39285714285714285
raw-mean-control,4,raw-mean,2.3275976181030273,0.3204268515110016,2.3275976181030273,0.0,0.9414187669754028,1.0,False,1.144837498664856,5.197433948516846,9.340333938598633,8.158654786807396,-0.7568158507347107,-0.15375464409589767,0.7480624914169312,0.5714285714285714
raw-mean-control,5,raw-mean,4.756730556488037,0.2513609528541565,4.756730556488037,0.0,0.5034914612770081,0.9999998807907104,False,0.7886555194854736,4.198951482772827,39.26095962524414,49.78214018061823,-0.5886397361755371,-0.06708158366382122,0.4359067976474762,0.5714285714285714
raw-mean-control,6,raw-mean,2.400761127471924,0.32409220933914185,2.400761127471924,0.0,0.7557657361030579,0.9999998807907104,False,1.7762631177902222,4.700611591339111,15.723015785217285,8.851738026727515,-0.47566863894462585,0.019935952965170145,0.7151106595993042,0.4642857142857143
raw-mean-control,7,raw-mean,2.2954914569854736,0.27294033765792847,2.2954914569854736,0.0,0.8042917251586914,1.0000001192092896,False,1.4916355609893799,4.857751131057739,12.307679176330566,8.251130167590711,-0.8181409239768982,-0.07617734745144844,0.6476877927780151,0.5357142857142857
raw-mean-control,8,raw-mean,6.132127285003662,0.4291034936904907,6.132127285003662,0.0,0.9327255487442017,1.0,False,1.9275827407836914,5.523125171661377,24.240737915039062,12.575718490394648,-0.630828320980072,0.06478613801300526,0.8404834270477295,0.4642857142857143
raw-mean-control,9,raw-mean,1.9704316854476929,0.28842607140541077,1.9704316854476929,0.0,0.7033524513244629,1.0000001192092896,False,1.5171490907669067,4.813902497291565,13.611479759216309,8.971748288980494,-0.8249777555465698,-0.051002416759729385,0.7197785973548889,0.5714285714285714
raw-mean-control,10,raw-mean,3.3793411254882812,0.4179202914237976,3.3793411254882812,0.0,0.8087045550346375,1.0,False,2.242809534072876,5.140923976898193,25.727760314941406,11.471219434412049,-0.5677945017814636,0.06614144146442413,0.7131223678588867,0.39285714285714285
raw-mean-control,11,raw-mean,5.813011169433594,0.3466323912143707,5.813011169433594,0.0,0.6072972416877747,0.9999999403953552,False,2.676516532897949,13.44072675704956,42.965301513671875,16.05269423355737,-0.8273782134056091,-0.03210994973778725,0.898945152759552,0.5357142857142857
raw-mean-control,12,raw-mean,4.024407863616943,0.2477879524230957,4.024407863616943,0.0,0.7952889800071716,1.0000001192092896,False,1.4022802114486694,6.68742561340332,27.53953742980957,19.639111502086298,-0.6319162845611572,-0.07267965748906136,0.6926673054695129,0.6428571428571429
raw-mean-control,13,raw-mean,3.82480525970459,0.22066660225391388,3.82480525970459,0.0,0.7882401347160339,1.0,False,2.258563280105591,5.861081123352051,20.661962509155273,9.148277000319114,-0.816493034362793,-0.17970973253250122,0.7302029728889465,0.5714285714285714
raw-mean-control,14,raw-mean,6.619522571563721,0.33644533157348633,6.619522571563721,0.0,0.8709119558334351,0.9999999403953552,False,2.3679776191711426,6.644188404083252,36.67536163330078,15.488052478358377,-0.5929200053215027,-0.05543428845703602,0.6967884302139282,0.5714285714285714
raw-mean-control,15,raw-mean,18.972766876220703,0.5349201560020447,18.972766876220703,0.0,0.6393882632255554,1.0,False,1.2243154048919678,5.031225919723511,135.36740112304688,110.56579095726688,-0.5674896836280823,0.14350882917642593,0.8389086723327637,0.35714285714285715
raw-mean-control,16,raw-mean,1.7769619226455688,0.31787437200546265,1.7769619226455688,0.0,0.9138665795326233,1.0,False,1.3356441259384155,3.963788390159607,7.380018711090088,5.525437927490551,-0.5367424488067627,-0.06612417660653591,0.7869985699653625,0.5714285714285714
raw-mean-control,17,raw-mean,1.634891390800476,0.32206636667251587,1.634891390800476,0.0,0.9645939469337463,0.9999997019767761,False,1.6758021116256714,4.495485305786133,7.9395880699157715,4.737783784156766,-0.7344355583190918,0.06855834648013115,0.830576479434967,0.42857142857142855
raw-mean-control,18,raw-mean,2.821608304977417,0.44946685433387756,2.821608304977417,0.0,0.956656277179718,0.9999999403953552,False,2.3584399223327637,4.534793853759766,10.705277442932129,4.539135104337701,-0.5781019926071167,0.045594263821840286,0.7841285467147827,0.5
raw-mean-control,19,raw-mean,3.425008535385132,0.3842659294605255,3.425008535385132,0.0,0.8704420924186707,1.0000001192092896,False,3.7942163944244385,4.625325679779053,18.60576820373535,4.903718256838575,-0.5541492104530334,0.02211388573050499,0.834267795085907,0.5
raw-mean-control,20,raw-mean,2.949857473373413,0.3183076083660126,2.949857473373413,0.0,0.7450487613677979,1.0,False,1.9965063333511353,4.688880681991577,20.661073684692383,10.348614146398813,-0.679411768913269,-0.00992538407444954,0.6206162571907043,0.5
raw-mean-control,21,raw-mean,3.4022908210754395,0.3114864230155945,3.4022908210754395,0.0,0.8790884613990784,1.0,False,1.8665190935134888,5.471211671829224,13.427214622497559,7.193719404832075,-0.5576188564300537,-0.07467973604798317,0.7526976466178894,0.5357142857142857
raw-mean-control,22,raw-mean,2.5521914958953857,0.18904145061969757,2.5521914958953857,0.0,0.5812252759933472,1.0,False,1.4758093357086182,6.168045520782471,20.412973403930664,13.831714510824163,-0.6002157330513,-0.07543803006410599,0.38028496503829956,0.5357142857142857
raw-mean-control,23,raw-mean,42.591285705566406,0.42020097374916077,42.591285705566406,0.0,0.6518032550811768,0.9999999403953552,False,1.9433374404907227,6.088313579559326,327.7192687988281,168.63734623260999,-0.6850503087043762,0.17480722814798355,0.6931867003440857,0.4642857142857143
raw-mean-control,24,raw-mean,9.383379936218262,0.3810732066631317,9.383379936218262,0.0,0.7490333318710327,1.000000238418579,False,1.666084885597229,5.183969974517822,63.43109130859375,38.0719445071108,-0.593051016330719,0.06779017858207226,0.7832764983177185,0.42857142857142855
raw-mean-control,25,raw-mean,2.2120702266693115,0.2826291620731354,2.2120702266693115,0.0,0.8188554048538208,0.9999999403953552,False,2.4336318969726562,4.298553705215454,13.894457817077637,5.709350635304297,-0.7309989333152771,0.057689324021339417,0.6882537603378296,0.4642857142857143
raw-mean-control,26,raw-mean,1.728760838508606,0.23494504392147064,1.728760838508606,0.0,0.8325638771057129,0.9999998807907104,False,1.4076550006866455,5.983149766921997,15.45694637298584,10.980635429452555,-0.8072623610496521,-0.09716519340872765,0.7951221466064453,0.5714285714285714
raw-mean-control,27,raw-mean,3.1082534790039062,0.35708126425743103,3.1082534790039062,0.0,0.6917304992675781,1.0,False,3.419785737991333,5.81764030456543,17.869123458862305,5.2252172585987875,-0.7639864087104797,0.04910978861153126,0.7673519849777222,0.5
raw-mean-control,28,raw-mean,2.4649581909179688,0.29717937111854553,2.4649581909179688,0.0,0.9164073467254639,1.0,False,1.6141290664672852,8.188178539276123,18.395845413208008,11.396762375061815,-0.8400640487670898,-0.04156483057886362,0.8073673844337463,0.5357142857142857
raw-mean-control,29,raw-mean,3.400721311569214,0.32288214564323425,3.400721311569214,0.0,0.786989152431488,1.0,False,3.4762158393859863,7.044317960739136,24.27727508544922,6.9838226989200365,-0.8009275197982788,-0.09799670241773129,0.751629114151001,0.5
raw-mean-control,30,raw-mean,1.98659348487854,0.36672088503837585,1.98659348487854,0.0,0.9613028168678284,0.9999999403953552,False,2.092020034790039,4.883566617965698,7.916259765625,3.7840267463879704,-0.6730552911758423,0.0555383563041687,0.7043071389198303,0.4642857142857143
raw-mean-control,31,raw-mean,3.7124404907226562,0.24815478920936584,3.7124404907226562,0.0,0.700162410736084,1.0000001192092896,False,2.7273693084716797,5.828634262084961,16.27668571472168,5.967906753281811,-0.7935607433319092,-0.3033931851387024,0.8982114791870117,0.5357142857142857
raw-mean-control,32,raw-mean,5.179296016693115,0.2694212794303894,5.179296016693115,0.0,0.40580663084983826,0.9999999403953552,False,1.2927086353302002,6.55633544921875,50.35903549194336,38.95621497034404,-0.6881738305091858,-0.023941241204738617,0.5235471129417419,0.5714285714285714
raw-mean-control,33,raw-mean,2.742924690246582,0.29651278257369995,2.742924690246582,0.0,0.8678654432296753,1.0000001192092896,False,1.0513561964035034,6.862430095672607,13.34352970123291,12.691730687352846,-0.5722261071205139,-0.054775990545749664,0.7184628248214722,0.5714285714285714
raw-mean-control,34,raw-mean,2.3175277709960938,0.4061388075351715,2.3175277709960938,0.0,0.8440493941307068,1.0,False,1.5296591520309448,6.142971038818359,12.150647163391113,7.94336904875741,-0.6956695914268494,0.027337290346622467,0.7200800180435181,0.4642857142857143
raw-mean-control,35,raw-mean,2.8800911903381348,0.3701944351196289,2.8800911903381348,0.0,0.9468764662742615,0.9999997615814209,False,1.9865360260009766,5.971853494644165,15.939903259277344,8.023968883849232,-0.8253191709518433,0.0022554155439138412,0.6681077480316162,0.5
raw-mean-control,36,raw-mean,2.52811861038208,0.44935107231140137,2.52811861038208,0.0,0.9568476676940918,1.0,False,2.0109446048736572,4.098051428794861,12.438578605651855,6.185440700607137,-0.5316717028617859,0.08434693142771721,0.7943801283836365,0.35714285714285715
raw-mean-control,37,raw-mean,4.966862678527832,0.35819944739341736,4.966862678527832,0.0,0.8057743906974792,0.9999998211860657,False,1.2251787185668945,7.3233654499053955,24.145076751708984,19.707391571371527,-0.7024217247962952,-0.030124198645353317,0.6200029253959656,0.5357142857142857
raw-mean-control,38,raw-mean,4.411844253540039,0.4125514626502991,4.411844253540039,0.0,0.920046865940094,1.0000001192092896,False,1.863608479499817,5.909992933273315,15.379603385925293,8.252593586638488,-0.8534671664237976,0.09866675361990929,0.8917433023452759,0.42857142857142855
raw-mean-control,39,raw-mean,2.5472397804260254,0.22543027997016907,2.5472397804260254,0.0,0.7280481457710266,1.0000001192092896,False,1.483622431755066,8.374340772628784,14.351964950561523,9.673596626322052,-0.9002053141593933,-0.11241599172353745,0.8135437369346619,0.6071428571428571
raw-mean-control,40,raw-mean,2.1520726680755615,0.2317931205034256,2.1520726680755615,0.0,0.6752393245697021,1.0000001192092896,False,1.8259083032608032,4.4484639167785645,16.664936065673828,9.126929340270104,-0.7417998313903809,-0.1441531404852867,0.6015385985374451,0.6071428571428571
raw-mean-control,41,raw-mean,5.71959114074707,0.29816964268684387,5.71959114074707,0.0,0.3815864324569702,1.0000001192092896,False,2.3282041549682617,5.199728488922119,46.13309097290039,19.814882159047293,-0.6403344869613647,-0.10534114018082619,0.7519588470458984,0.5714285714285714
raw-mean-control,42,raw-mean,4.685774803161621,0.39459213614463806,4.685774803161621,0.0,0.9203961491584778,1.0000001192092896,False,1.284332275390625,4.625365734100342,22.614744186401367,17.608172448615896,-0.7110205888748169,0.03526781685650349,0.7609914541244507,0.42857142857142855
raw-mean-control,43,raw-mean,4.580168724060059,0.4150872528553009,4.580168724060059,0.0,0.9116239547729492,0.9999998807907104,False,2.2765438556671143,8.98810338973999,22.60491371154785,9.929487479574053,-0.7085450887680054,0.029055696912109852,0.8628476858139038,0.42857142857142855
raw-mean-control,44,raw-mean,1.7616573572158813,0.3014242351055145,1.7616573572158813,0.0,0.6414102911949158,0.9999999403953552,False,1.0651676654815674,4.7939324378967285,16.546775817871094,15.534433079500417,-0.7854867577552795,-0.008710464462637901,0.7872242331504822,0.5
raw-mean-control,45,raw-mean,4.2175068855285645,0.32716792821884155,4.2175068855285645,0.0,0.909748375415802,1.0000001192092896,False,1.517193078994751,9.061314582824707,18.818199157714844,12.40329884063487,-0.8368239998817444,0.022051263134926558,0.8941251635551453,0.5
raw-mean-control,46,raw-mean,2.3837194442749023,0.2879613935947418,2.3837194442749023,0.0,0.8388925790786743,1.0,False,4.194331169128418,5.551205158233643,18.772043228149414,4.475574882192777,-0.7402994632720947,-0.05052807740867138,0.6955390572547913,0.5357142857142857
raw-mean-control,47,raw-mean,4.2415385246276855,0.2923383414745331,4.2415385246276855,0.0,0.807395339012146,1.0000001192092896,False,1.5532993078231812,9.078144550323486,17.10991668701172,11.015209110593009,-0.7948890924453735,0.017261482775211334,0.809067964553833,0.4642857142857143
raw-mean-control,48,raw-mean,4.804726600646973,0.3696126937866211,4.804726600646973,0.0,0.8427401781082153,1.0000001192092896,False,1.9869904518127441,7.598310470581055,30.228206634521484,15.213060841306055,-0.5350204706192017,0.011941442731767893,0.7472028732299805,0.4642857142857143
raw-mean-control,49,raw-mean,21.093067169189453,0.36734434962272644,21.093067169189453,0.0,0.5716207027435303,1.0000001192092896,False,1.8089922666549683,5.096991777420044,176.27645874023438,97.4445618090947,-0.6958456635475159,0.08399131894111633,0.5833548307418823,0.42857142857142855
raw-mean-control,50,raw-mean,3.3917200565338135,0.3716270923614502,3.3917200565338135,0.0,0.9287799000740051,1.0,False,2.2414886951446533,8.763565301895142,14.703532218933105,6.559717321252973,-0.7282972931861877,-0.003844060003757477,0.8059601783752441,0.5
raw-mean-control,51,raw-mean,4.447010517120361,0.4649014174938202,4.447010517120361,0.0,0.9416683912277222,1.0,False,1.9522879123687744,5.973705768585205,18.6230525970459,9.539091278012341,-0.5802853107452393,0.14149559289216995,0.6339817047119141,0.2857142857142857
raw-mean-control,52,raw-mean,3.4881770610809326,0.31072989106178284,3.4881770610809326,0.0,0.8997102379798889,1.0,False,2.1752982139587402,9.860901594161987,20.709760665893555,9.520423697771843,-0.5958234667778015,-0.016567204729653895,0.7464988827705383,0.5
raw-mean-control,53,raw-mean,7.660531044006348,0.31016305088996887,7.660531044006348,0.0,0.599784255027771,1.0,False,3.5885517597198486,9.57878303527832,48.71388244628906,13.574802791779172,-0.48923566937446594,-0.0016867301892489195,0.3689177334308624,0.5
raw-mean-control,54,raw-mean,2.211801767349243,0.2799925208091736,2.211801767349243,0.0,0.49060308933258057,1.0000001192092896,False,2.1632235050201416,4.658364772796631,17.634851455688477,8.152117159768139,-0.6892915964126587,-0.01430413476191461,0.5832055807113647,0.5
raw-mean-control,55,raw-mean,4.877438068389893,0.46173205971717834,4.877438068389893,0.0,0.9544284343719482,1.0,False,2.0128417015075684,10.212594985961914,15.307550430297852,7.60494499832395,-0.7285521626472473,0.13369383662939072,0.7057276368141174,0.42857142857142855
raw-mean-control,56,raw-mean,3.5538887977600098,0.4004247784614563,3.5538887977600098,0.0,0.9430928230285645,0.9999999403953552,False,1.5750364065170288,7.23999547958374,14.443241119384766,9.170099852691,-0.44289931654930115,-0.016189689398743212,0.7135288119316101,0.5
raw-mean-control,57,raw-mean,6.077476501464844,0.3197558522224426,6.077476501464844,0.0,-0.14084643125534058,1.0,False,1.4949407577514648,8.286341667175293,67.90420532226562,45.42267308598911,-0.8504172563552856,0.016376453451812267,0.7756657600402832,0.5
raw-mean-control,58,raw-mean,6.304810523986816,0.3152063190937042,6.304810523986816,0.0,0.828508734703064,0.9999998807907104,False,3.253081798553467,9.549159049987793,39.79080581665039,12.23172618479621,-0.6343965530395508,0.028356948867440224,0.654110312461853,0.4642857142857143
raw-mean-control,59,raw-mean,2.6361637115478516,0.2571350932121277,2.6361637115478516,0.0,0.8800368905067444,1.0000001192092896,False,3.362531900405884,6.461527347564697,15.54677963256836,4.6235337219229775,-0.6800361275672913,-0.11281896755099297,0.6527116894721985,0.5714285714285714
raw-mean-control,60,raw-mean,2.3099441528320312,0.23634253442287445,2.3099441528320312,0.0,0.6975416541099548,1.0,False,2.2218589782714844,5.820110559463501,19.78759765625,8.90587469761197,-0.6706311702728271,-0.18700050562620163,0.6491917371749878,0.5714285714285714
raw-mean-control,61,raw-mean,3.3564364910125732,0.27057331800460815,3.3564364910125732,0.0,0.41606688499450684,1.0,False,3.3204362392425537,10.039969682693481,32.85173797607422,9.893801780566111,-0.7696813941001892,-0.03940648399293423,0.7046765089035034,0.5357142857142857
raw-mean-control,62,raw-mean,6.978060722351074,0.4764832854270935,6.978060722351074,0.0,0.8802011609077454,1.0,False,1.9174318313598633,12.586036920547485,24.200042724609375,12.621070709693207,-0.5306013226509094,0.1881766989827156,0.48801755905151367,0.39285714285714285
raw-mean-control,63,raw-mean,5.1371660232543945,0.392403781414032,5.1371660232543945,0.0,0.9402412176132202,1.0,False,2.821575164794922,9.18380069732666,21.063241958618164,7.46506498264741,-0.7536302208900452,0.012304520118050277,0.7851062417030334,0.42857142857142855
raw-mean-control,64,raw-mean,5.891922473907471,0.5638033747673035,5.891922473907471,0.0,0.9591374397277832,0.9999997615814209,False,2.0478999614715576,10.593413352966309,18.51781463623047,9.042343368630243,-0.489240437746048,0.28724561631679535,0.6576011180877686,0.25
raw-mean-control,65,raw-mean,7.630321025848389,0.33384212851524353,7.630321025848389,0.0,0.6955536007881165,0.9999999403953552,False,1.5756464004516602,9.36783504486084,50.39786911010742,31.985519781380415,-0.7027718424797058,-0.006204125937074423,0.5621308088302612,0.5
raw-mean-control,66,raw-mean,5.062041759490967,0.49223455786705017,5.062041759490967,0.0,0.8942691683769226,0.9999998211860657,False,3.2422494888305664,7.780925035476685,20.858182907104492,6.433244258025234,-0.5923106670379639,0.1579945795238018,0.7817047238349915,0.35714285714285715
raw-mean-control,67,raw-mean,6.677371501922607,0.4541422128677368,6.677371501922607,0.0,0.9157812595367432,0.9999998807907104,False,4.584198474884033,9.739280700683594,29.064760208129883,6.340205461733446,-0.6895650625228882,0.12655334547162056,0.6707171201705933,0.39285714285714285
raw-mean-control,68,raw-mean,5.050934314727783,0.5773966312408447,5.050934314727783,0.0,0.9827669262886047,0.9999999403953552,False,3.4832940101623535,8.747678995132446,17.542024612426758,5.036044778663153,-0.3633033335208893,0.34487876296043396,0.8123006820678711,0.2857142857142857
raw-mean-control,69,raw-mean,3.5654985904693604,0.3785667419433594,3.5654985904693604,0.0,0.9450627565383911,1.0000001192092896,False,2.649829149246216,9.605745315551758,13.197710990905762,4.980589406928387,-0.3498089015483856,-0.0041944002732634544,0.5234885811805725,0.5
raw-mean-control,70,raw-mean,4.776544570922852,0.5003730654716492,4.776544570922852,0.0,0.9295841455459595,1.0000001192092896,False,1.9773296117782593,7.358698606491089,15.46318244934082,7.820235107607788,-0.6393075585365295,0.17156723886728287,0.5993642210960388,0.39285714285714285
raw-mean-control,71,raw-mean,5.250612258911133,0.43787211179733276,5.250612258911133,0.0,0.959032416343689,1.0,False,1.8587901592254639,11.214766025543213,19.479778289794922,10.479815697922524,-0.8431167006492615,0.17869438976049423,0.6397939324378967,0.35714285714285715
raw-mean-control,72,raw-mean,5.09262752532959,0.3481021523475647,5.09262752532959,0.0,0.9679971933364868,1.0,False,4.1111369132995605,13.50016164779663,21.6248722076416,5.260071037207486,-0.615934431552887,0.09941252321004868,0.6951701045036316,0.42857142857142855
raw-mean-control,73,raw-mean,17.456335067749023,0.39910781383514404,17.456335067749023,0.0,0.16562610864639282,0.9999997615814209,False,1.9635361433029175,10.466672897338867,152.15370178222656,77.48963638952155,-0.6914653778076172,0.07519524544477463,0.6520543098449707,0.42857142857142855
raw-mean-control,74,raw-mean,4.198040962219238,0.4688357412815094,4.198040962219238,0.0,0.8761732578277588,1.0,False,2.8356943130493164,9.174624919891357,21.202898025512695,7.477145166155979,-0.5780699849128723,0.08018584176898003,0.7091352343559265,0.32142857142857145
raw-mean-control,75,raw-mean,2.58837628364563,0.29357555508613586,2.58837628364563,0.0,0.9080861806869507,1.0,False,3.8423523902893066,7.8891761302948,13.242609977722168,3.4464850259934323,-0.7527351379394531,-0.06426510773599148,0.6273426413536072,0.5714285714285714
raw-mean-control,76,raw-mean,2.999523401260376,0.3493703603744507,2.999523401260376,0.0,0.8277904391288757,1.0,False,1.8998197317123413,7.135822057723999,18.647632598876953,9.815474746158948,-0.6010439395904541,-0.017601795960217714,0.5171946287155151,0.5357142857142857
raw-mean-control,77,raw-mean,5.091314792633057,0.4319526255130768,5.091314792633057,0.0,0.8716345429420471,1.0000001192092896,False,3.712472438812256,6.12240195274353,33.84225082397461,9.115825472579637,-0.5341761112213135,0.04020725260488689,0.7809329628944397,0.5
raw-mean-control,78,raw-mean,2.8835346698760986,0.34634220600128174,2.8835346698760986,0.0,0.8844339847564697,1.0,False,1.9016965627670288,8.087909460067749,15.409804344177246,8.103187777631302,-0.4455743432044983,-0.031243190343957394,0.4077037274837494,0.5357142857142857
raw-mean-control,79,raw-mean,6.022322177886963,0.2952813506126404,6.022322177886963,0.0,0.8067981004714966,1.0000001192092896,False,4.308335304260254,9.492563962936401,29.832015991210938,6.9242558632128395,-0.7352375388145447,0.02698695007711649,0.6802123188972473,0.42857142857142855
raw-mean-control,80,raw-mean,9.53736686706543,0.36581742763519287,9.53736686706543,0.0,0.8230974674224854,0.9999999403953552,False,1.8840715885162354,8.24377155303955,85.42935180664062,45.342943616021984,-0.8354648351669312,0.028670838102698326,0.7408121824264526,0.5
raw-mean-control,81,raw-mean,4.530099868774414,0.31538859009742737,4.530099868774414,0.0,0.7765758633613586,0.9999999403953552,False,3.079874038696289,8.271678924560547,26.849138259887695,8.717609201723372,-0.7140607833862305,-0.012642396613955498,0.5068102478981018,0.5
raw-mean-control,82,raw-mean,2.634988784790039,0.30942845344543457,2.634988784790039,0.0,0.8259900212287903,1.0,False,2.2348532676696777,7.66881251335144,16.45217514038086,7.3616354945467375,-0.6551140546798706,-0.10216155275702477,0.7139761447906494,0.5357142857142857
raw-mean-control,83,raw-mean,10.254290580749512,0.4098251163959503,10.254290580749512,0.0,0.9022226929664612,1.0000001192092896,False,3.579798698425293,13.56822395324707,51.09496307373047,14.273138625422284,-0.44953247904777527,0.03553185146301985,0.5651653409004211,0.4642857142857143
raw-mean-control,84,raw-mean,3.7474873065948486,0.38199034333229065,3.7474873065948486,0.0,0.6188082695007324,1.0000001192092896,False,3.909024477005005,7.984563589096069,29.147687911987305,7.456511997673528,-0.7169850468635559,0.09663943573832512,0.7844764590263367,0.35714285714285715
raw-mean-control,85,raw-mean,7.875197410583496,0.4218665659427643,7.875197410583496,0.0,0.8556678891181946,1.0,False,2.250253200531006,8.134817600250244,54.40736389160156,24.178329744742825,-0.5755612850189209,0.07902191579341888,0.8131175637245178,0.42857142857142855
raw-mean-control,86,raw-mean,14.855932235717773,0.5092786550521851,14.855932235717773,0.0,0.8580386638641357,1.0000001192092896,False,2.261167287826538,14.908883571624756,82.73929595947266,36.59140851935935,-0.8378077149391174,0.21873363852500916,0.8677401542663574,0.35714285714285715
raw-mean-control,87,raw-mean,13.709823608398438,0.23342370986938477,13.709823608398438,0.0,-0.16188126802444458,1.0,False,4.0389275550842285,12.031290531158447,110.99874114990234,27.482231269579568,-0.7498453259468079,-0.18126694485545158,0.8829506039619446,0.5714285714285714
raw-mean-control,88,raw-mean,5.395394802093506,0.3046179413795471,5.395394802093506,0.0,0.6602103114128113,0.9999998807907104,False,1.5437716245651245,7.3633713722229,27.57112693786621,17.85958913814918,-0.6669999361038208,-0.07225349312648177,0.7785372138023376,0.5
raw-mean-control,89,raw-mean,3.222623586654663,0.3453540503978729,3.222623586654663,0.0,0.5515341758728027,1.0000001192092896,False,2.3524606227874756,6.690179347991943,40.504539489746094,17.217945795730895,-0.8030845522880554,0.06894388608634472,0.7304002642631531,0.4642857142857143
raw-mean-control,90,raw-mean,5.774349212646484,0.44791343808174133,5.774349212646484,0.0,0.8486531376838684,1.0,False,2.419185161590576,9.526907444000244,34.798484802246094,14.384382541172101,-0.4144897162914276,0.11601929366588593,0.5603893399238586,0.42857142857142855
raw-mean-control,91,raw-mean,6.321940898895264,0.48418381810188293,6.321940898895264,0.0,0.9472755789756775,0.9999999403953552,False,3.761011838912964,6.3948822021484375,38.50599670410156,10.238201407850621,-0.49471238255500793,0.057303935289382935,0.8994157910346985,0.5
raw-mean-control,92,raw-mean,4.453211307525635,0.48985525965690613,4.453211307525635,0.0,0.9279976487159729,0.9999998807907104,False,2.528860569000244,8.692992210388184,15.930331230163574,6.299410661640964,-0.5103198289871216,0.17647165805101395,0.7735579013824463,0.35714285714285715
raw-mean-control,93,raw-mean,3.5694072246551514,0.3066893517971039,3.5694072246551514,0.0,0.8072218894958496,0.9999999403953552,False,2.823150634765625,8.776673316955566,33.8989372253418,12.00748440692257,-0.8081848621368408,-0.09678107127547264,0.5904285907745361,0.5714285714285714
raw-mean-control,94,raw-mean,3.3619964122772217,0.32448044419288635,3.3619964122772217,0.0,0.816612184047699,1.0000001192092896,False,2.933833360671997,7.602896451950073,17.92711639404297,6.110475337268899,-0.6880413889884949,0.026645549573004246,0.6658602952957153,0.4642857142857143
raw-mean-control,95,raw-mean,3.2076873779296875,0.35253509879112244,3.2076873779296875,0.0,0.546546995639801,1.000000238418579,False,3.0795040130615234,7.843101263046265,29.95747947692871,9.728020924754745,-0.6929429769515991,0.05172828584909439,0.5255951881408691,0.42857142857142855
raw-mean-control,96,raw-mean,5.752913475036621,0.34703630208969116,5.752913475036621,0.0,0.8453916311264038,1.0,False,1.613771677017212,13.303608894348145,31.926626205444336,19.78385583297346,-0.7652217149734497,0.116384107619524,0.6771011352539062,0.4642857142857143
raw-mean-control,97,raw-mean,4.48039436340332,0.32849806547164917,4.48039436340332,0.0,0.8689338564872742,0.9999999403953552,False,1.9975816011428833,10.573402404785156,25.02829360961914,12.529297223852891,-0.7039951682090759,0.01263158128131181,0.32721346616744995,0.5
raw-mean-control,98,raw-mean,7.763625621795654,0.3583829700946808,7.763625621795654,0.0,0.811043381690979,1.0,False,3.257927656173706,7.02996039390564,58.06965637207031,17.824108605367435,-0.6769688725471497,0.07153446786105633,0.6246841549873352,0.4642857142857143
raw-mean-control,99,raw-mean,2.8455331325531006,0.26299652457237244,2.8455331325531006,0.0,0.7257341146469116,1.0,False,2.7430098056793213,7.189856290817261,28.55046844482422,10.408445637238085,-0.6671608686447144,-0.1082410216331482,0.6059812307357788,0.5357142857142857
raw-mean-control,100,raw-mean,2.9230358600616455,0.27968448400497437,2.9230358600616455,0.0,0.8617717027664185,0.9999998807907104,False,1.9513520002365112,7.3579161167144775,19.11041831970215,9.79342441414255,-0.547926127910614,0.0030882973223924637,0.7009565830230713,0.5
raw-mean-control,101,raw-mean,5.824230194091797,0.2968311309814453,5.824230194091797,0.0,0.7522090673446655,1.0,False,1.8156447410583496,7.265730142593384,42.19175338745117,23.237890339085475,-0.5001927018165588,-0.040113138034939766,0.503200352191925,0.5714285714285714
raw-mean-control,102,raw-mean,5.860916614532471,0.5236163139343262,5.860916614532471,0.0,0.9617513418197632,1.0,False,2.2251996994018555,8.811426639556885,17.573143005371094,7.897332994470043,-0.5636696815490723,0.16231060773134232,0.7073624730110168,0.25
raw-mean-control,103,raw-mean,3.6130998134613037,0.3183531165122986,3.6130998134613037,0.0,0.7544598579406738,1.0000001192092896,False,1.4297292232513428,9.737439155578613,33.87892532348633,23.696043119579222,-0.7204029560089111,0.06312909629195929,0.5349841117858887,0.4642857142857143
raw-mean-control,104,raw-mean,7.662922382354736,0.3360755443572998,7.662922382354736,0.0,0.9177036881446838,1.0,False,2.578129768371582,17.79093027114868,35.44112777709961,13.746836257775032,-0.6791350245475769,-0.008475267561152577,0.7529959082603455,0.5
raw-mean-control,105,raw-mean,5.546751976013184,0.3901260197162628,5.546751976013184,0.0,0.9459662437438965,1.0,False,3.351672410964966,14.690585613250732,31.59814453125,9.427575447969485,-0.7550342082977295,0.14667563885450363,0.7172197103500366,0.42857142857142855
raw-mean-control,106,raw-mean,4.870228290557861,0.2977089583873749,4.870228290557861,0.0,0.3600939214229584,0.9999998807907104,False,2.305669069290161,10.768389225006104,38.17524719238281,16.557123353411555,-0.6739470958709717,-0.0860081072896719,0.8711969256401062,0.5
raw-mean-control,107,raw-mean,8.496191024780273,0.23021751642227173,8.496191024780273,0.0,0.5466980934143066,0.9999998807907104,False,4.915985584259033,11.430061340332031,80.83743286132812,16.443789648238447,-0.7488532066345215,-0.16272811591625214,0.7890074849128723,0.5714285714285714
raw-mean-control,108,raw-mean,4.304636001586914,0.33450907468795776,4.304636001586914,0.0,0.904673159122467,0.9999999403953552,False,3.0232155323028564,9.851048946380615,19.9399356842041,6.5956050672362645,-0.5009200572967529,-0.0425675343722105,0.5734521746635437,0.5357142857142857
raw-mean-control,109,raw-mean,8.30377197265625,0.30762723088264465,8.30377197265625,0.0,0.6142200827598572,1.0000003576278687,False,3.03716778755188,6.709858417510986,62.255615234375,20.497917661821496,-0.5770979523658752,-0.030659997835755348,0.34759098291397095,0.5
raw-mean-control,110,raw-mean,4.78752326965332,0.3402256667613983,4.78752326965332,0.0,0.7862841486930847,1.0,False,1.8848296403884888,7.391098737716675,28.910137176513672,15.33832902296406,-0.5012267827987671,-0.01198634970933199,0.4954487383365631,0.5357142857142857
raw-mean-control,111,raw-mean,4.920924663543701,0.4639833867549896,4.920924663543701,0.0,0.9802496433258057,1.0,False,3.6595537662506104,12.919391632080078,16.637025833129883,4.546189753122638,-0.6774890422821045,0.30893710255622864,0.8152350783348083,0.42857142857142855
raw-mean-control,112,raw-mean,2.413952589035034,0.33014461398124695,2.413952589035034,0.0,0.6847755908966064,1.0,False,2.3403046131134033,7.515549421310425,18.70969009399414,7.9945533539345,-0.6357346773147583,-0.03774144779890776,0.7289376854896545,0.6071428571428571
raw-mean-control,113,raw-mean,3.4745724201202393,0.31190189719200134,3.4745724201202393,0.0,0.7742100358009338,1.0,False,1.5440994501113892,11.354452133178711,25.29575538635254,16.382206071330277,-0.6897634863853455,0.029308901401236653,0.7297863364219666,0.4642857142857143
raw-mean-control,114,raw-mean,3.9311721324920654,0.42554911971092224,3.9311721324920654,0.0,0.9614204168319702,0.9999999403953552,False,4.291950225830078,6.025839567184448,17.098791122436523,3.983921113421011,-0.5718308091163635,0.09870315715670586,0.791164755821228,0.39285714285714285
raw-mean-control,115,raw-mean,2.9926772117614746,0.2737244665622711,2.9926772117614746,0.0,0.6866228580474854,1.0000001192092896,False,2.869033098220825,8.919231414794922,23.67027473449707,8.250261995644362,-0.7053994536399841,0.0012969514355063438,0.6030334234237671,0.5
raw-mean-control,116,raw-mean,5.188546180725098,0.43098196387290955,5.188546180725098,0.0,0.9515954852104187,0.9999998807907104,False,1.5147608518600464,10.963265419006348,12.58261489868164,8.306667605801175,-0.44180694222450256,0.053791919723153114,0.5805482864379883,0.42857142857142855
raw-mean-control,117,raw-mean,3.065127372741699,0.2695699632167816,3.065127372741699,0.0,0.9474554657936096,0.9999997615814209,False,3.5028421878814697,10.320350170135498,15.105350494384766,4.312312597651032,-0.6447755098342896,-0.03879922442138195,0.5686650276184082,0.5357142857142857
raw-mean-control,118,raw-mean,3.1410205364227295,0.28655877709388733,3.1410205364227295,0.0,0.5493640303611755,1.0,False,2.4711060523986816,7.218398571014404,26.171621322631836,10.591055490001033,-0.7038809657096863,-0.06989644840359688,0.7175747156143188,0.5357142857142857
raw-mean-control,119,raw-mean,4.475736141204834,0.21589863300323486,4.475736141204834,0.0,0.6664631366729736,0.9999999403953552,False,6.067673683166504,15.41062879562378,53.51890563964844,8.820333530480633,-0.7842724919319153,-0.2582513317465782,0.7883604168891907,0.5714285714285714
raw-mean-control,120,raw-mean,2.5939955711364746,0.25354307889938354,2.5939955711364746,0.0,0.8394203782081604,0.9999998807907104,False,2.564053773880005,9.9404296875,18.313005447387695,7.142208027749704,-0.6772186756134033,-0.06257844716310501,0.6309403777122498,0.5357142857142857
raw-mean-control,121,raw-mean,4.633306980133057,0.3787892460823059,4.633306980133057,0.0,0.67002272605896,1.0000001192092896,False,1.8759558200836182,10.573320388793945,22.360755920410156,11.919660197228662,-0.6367245316505432,0.05911223031580448,0.7022362351417542,0.42857142857142855
raw-mean-control,122,raw-mean,7.483932971954346,0.3007975220680237,7.483932971954346,0.0,0.7357231974601746,1.0000001192092896,False,2.1772987842559814,13.774056434631348,40.72019958496094,18.702164296149043,-0.7249282598495483,-0.13380776345729828,0.7798779010772705,0.6071428571428571
raw-mean-control,123,raw-mean,45.730072021484375,0.245973601937294,45.730072021484375,0.0,0.42273885011672974,1.0,False,2.0293078422546387,13.778597831726074,370.06353759765625,182.35948725576375,-0.757340133190155,-0.17261048406362534,0.7361819744110107,0.5714285714285714
raw-mean-control,124,raw-mean,3.0923378467559814,0.281192421913147,3.0923378467559814,0.0,0.8954246044158936,0.9999999403953552,False,3.4161016941070557,13.055346488952637,22.1015682220459,6.469821510340924,-0.8376776576042175,-0.06492222100496292,0.7634609937667847,0.5714285714285714
raw-mean-control,125,raw-mean,7.937538146972656,0.2867864668369293,7.937538146972656,0.0,0.8602120876312256,0.9999998807907104,False,2.685163974761963,10.920109272003174,40.7406005859375,15.172481445774318,-0.8772868514060974,-0.02636771963443607,0.9099406003952026,0.5
raw-mean-control,126,raw-mean,5.471843242645264,0.45279940962791443,5.471843242645264,0.0,0.9532609581947327,1.0,False,2.4973087310791016,10.202421188354492,24.2464542388916,9.709033543647832,-0.33224618434906006,0.10831211507320404,0.870900571346283,0.39285714285714285
raw-mean-control,127,raw-mean,6.702663898468018,0.2505084276199341,6.702663898468018,0.0,0.6729719638824463,0.9999999403953552,False,4.8814287185668945,7.5283873081207275,48.810264587402344,9.999175938337212,-0.8219849467277527,-0.13245739787817,0.8213140964508057,0.5357142857142857
raw-mean-control,128,raw-mean,7.390760898590088,0.43739715218544006,7.390760898590088,0.0,0.9548580646514893,0.9999999403953552,False,3.3961703777313232,10.758779048919678,24.009788513183594,7.069665488697413,-0.7398462295532227,0.2169613391160965,0.8110640645027161,0.42857142857142855
unit-balanced-norm-matched,1,unit-balanced-norm-matched,3.175675630569458,0.43320631980895996,3.175675868988037,7.507648991378346e-08,0.8967180848121643,0.8967180848121643,True,1.1501485109329224,6.039806604385376,19.814281463623047,17.227585199020123,-0.7615385055541992,0.1940673142671585,0.7994890809059143,0.42857142857142855
unit-balanced-norm-matched,2,unit-balanced-norm-matched,2.4450972080230713,0.46775519847869873,2.4450972080230713,0.0,0.8797481656074524,0.8797481656074524,True,0.9388298392295837,6.18865442276001,15.41690444946289,16.421404396471043,-0.8448845148086548,0.1403469257056713,0.6669142842292786,0.39285714285714285
unit-balanced-norm-matched,3,unit-balanced-norm-matched,1.4357062578201294,0.26729992032051086,1.4357062578201294,0.0,0.8332263231277466,0.8332263231277466,True,0.9388889670372009,3.382144570350647,10.045321464538574,10.699158065770044,-0.7752147316932678,-0.07796329073607922,0.5645102858543396,0.5357142857142857
unit-balanced-norm-matched,4,unit-balanced-norm-matched,2.166717052459717,0.33197131752967834,2.166717052459717,0.0,0.9353721737861633,0.9353721737861633,True,2.758782386779785,4.460543870925903,12.229616165161133,4.432976020060889,-0.528459370136261,-0.04673823527991772,0.6204712986946106,0.5714285714285714
unit-balanced-norm-matched,5,unit-balanced-norm-matched,1.9913567304611206,0.3711872100830078,1.9913567304611206,0.0,0.633167028427124,0.633167028427124,True,0.7246063351631165,5.352957010269165,11.587101936340332,15.990892397776172,-0.6430395245552063,0.03430622536689043,0.6722252368927002,0.42857142857142855
unit-balanced-norm-matched,6,unit-balanced-norm-matched,4.914543151855469,0.33212950825691223,4.9145426750183105,9.70257343357872e-08,0.626549243927002,0.626549243927002,True,1.7852716445922852,5.975023508071899,29.0151309967041,16.252502012560946,-0.5661186575889587,0.011177906300872564,0.6730563640594482,0.4642857142857143
unit-balanced-norm-matched,7,unit-balanced-norm-matched,3.3242311477661133,0.520720362663269,3.324230909347534,7.172142024725048e-08,0.9701599478721619,0.9701599478721619,True,1.3180699348449707,6.1090734004974365,12.454651832580566,9.449158579013838,-0.49046996235847473,0.19260279834270477,0.7683043479919434,0.35714285714285715
unit-balanced-norm-matched,8,unit-balanced-norm-matched,1.8604429960250854,0.3274586498737335,1.8604432344436646,1.28151509848351e-07,0.7806895971298218,0.7806895971298218,True,0.6199347376823425,4.59781551361084,9.916470527648926,15.995991069515082,-0.8285182118415833,-0.05222659930586815,0.6738852858543396,0.5357142857142857
unit-balanced-norm-matched,9,unit-balanced-norm-matched,1.8455926179885864,0.3543495833873749,1.8455923795700073,1.2918266834027747e-07,0.8760495781898499,0.8760495781898499,True,1.1311733722686768,3.4061906337738037,13.967284202575684,12.347606958394852,-0.5243771076202393,0.012216109505970962,0.5355998873710632,0.5
unit-balanced-norm-matched,10,unit-balanced-norm-matched,3.0610275268554688,0.37443846464157104,3.0610272884368896,7.788841394074097e-08,0.9279918670654297,0.9279918670654297,True,1.4647409915924072,5.478216886520386,20.673912048339844,14.114380745133651,-0.6638164520263672,-0.052178280195221305,0.8438629508018494,0.5
unit-balanced-norm-matched,11,unit-balanced-norm-matched,3.5576889514923096,0.49192091822624207,3.5576889514923096,0.0,0.9398263692855835,0.9398263692855835,True,1.3403159379959106,4.575333595275879,18.222009658813477,13.5953092418342,-0.6783213019371033,0.17466650158166885,0.7774869799613953,0.2857142857142857
unit-balanced-norm-matched,12,unit-balanced-norm-matched,2.276897668838501,0.3960367441177368,2.276897668838501,0.0,0.8945756554603577,0.8945756554603577,True,1.4741718769073486,5.399577617645264,8.04885482788086,5.459916142727181,-0.5450387597084045,-0.04682750068604946,0.5467597842216492,0.5357142857142857
unit-balanced-norm-matched,13,unit-balanced-norm-matched,3.738499402999878,0.4491318166255951,3.738499402999878,0.0,0.9673649668693542,0.9673649668693542,True,1.1297672986984253,5.6835362911224365,15.239900588989258,13.489415569513067,-0.45762932300567627,0.023022787645459175,0.853641152381897,0.4642857142857143
unit-balanced-norm-matched,14,unit-balanced-norm-matched,9.494604110717773,0.4479568600654602,9.494604110717773,0.0,0.8861852288246155,0.8861852288246155,True,0.9617241024971008,10.250556707382202,67.3484878540039,70.0289071253748,-0.892291247844696,0.24911240488290787,0.7737783789634705,0.35714285714285715
unit-balanced-norm-matched,15,unit-balanced-norm-matched,4.092041969299316,0.5285091996192932,4.092041969299316,0.0,0.9710824489593506,0.9710824489593506,True,0.8603338003158569,7.529245853424072,11.61943244934082,13.505725853238525,-0.49077028036117554,0.22893411666154861,0.6662245392799377,0.32142857142857145
unit-balanced-norm-matched,16,unit-balanced-norm-matched,3.765732526779175,0.5819197297096252,3.7657322883605957,6.331266955150738e-08,0.966968834400177,0.966968834400177,True,1.6697744131088257,5.020035982131958,13.05663013458252,7.8193976575993736,-0.3906796872615814,0.2961534559726715,0.7575861811637878,0.25
unit-balanced-norm-matched,17,unit-balanced-norm-matched,1.6075422763824463,0.29562392830848694,1.6075422763824463,0.0,0.8431079983711243,0.8431079983711243,True,1.9255609512329102,4.524751663208008,13.200209617614746,6.855254106167262,-0.8049723505973816,-0.05852291081100702,0.7626436352729797,0.5357142857142857
unit-balanced-norm-matched,18,unit-balanced-norm-matched,6.014865875244141,0.5306665301322937,6.014866352081299,7.927644074534612e-08,0.8976854085922241,0.8976854085922241,True,2.467054843902588,5.41118049621582,24.86660385131836,10.07946941786764,-0.4684453010559082,0.12619084864854813,0.8468672633171082,0.42857142857142855
unit-balanced-norm-matched,19,unit-balanced-norm-matched,3.7849903106689453,0.43224871158599854,3.7849903106689453,0.0,0.9266128540039062,0.9266128540039062,True,1.4363716840744019,4.532343506813049,19.744260787963867,13.745927329865927,-0.7464670538902283,0.09134210180491209,0.8264579176902771,0.4642857142857143
unit-balanced-norm-matched,20,unit-balanced-norm-matched,3.196230173110962,0.40759581327438354,3.196230173110962,0.0,0.8556612133979797,0.8556612133979797,True,2.047678232192993,5.080721855163574,21.88192367553711,10.686211989518647,-0.7432985305786133,0.09371177852153778,0.7563109993934631,0.4642857142857143
unit-balanced-norm-matched,21,unit-balanced-norm-matched,5.27578592300415,0.5533144474029541,5.275786399841309,9.038220372126204e-08,0.9313399791717529,0.9313399791717529,True,2.4834249019622803,5.051923990249634,25.487043380737305,10.262860520001508,-0.350917249917984,0.20160140842199326,0.6794393062591553,0.25
unit-balanced-norm-matched,22,unit-balanced-norm-matched,5.052598476409912,0.35153210163116455,5.052597999572754,9.437463921457834e-08,0.8449807167053223,0.8449807167053223,True,4.1724348068237305,7.972573280334473,29.522872924804688,7.075694238894292,-0.7392024397850037,0.026720719411969185,0.705706000328064,0.4642857142857143
unit-balanced-norm-matched,23,unit-balanced-norm-matched,2.4171736240386963,0.3418016731739044,2.4171736240386963,0.0,0.8075087666511536,0.8075087666511536,True,1.7992666959762573,6.309413909912109,12.931046485900879,7.186842570264255,-0.6454646587371826,0.06870844215154648,0.5536079406738281,0.4642857142857143
unit-balanced-norm-matched,24,unit-balanced-norm-matched,1.9629427194595337,0.328396737575531,1.9629427194595337,0.0,0.653528094291687,0.653528094291687,True,0.8478111624717712,3.5773088932037354,11.820760726928711,13.942681165538788,-0.4748920798301697,-0.03203927108552307,0.4906855523586273,0.5357142857142857
unit-balanced-norm-matched,25,unit-balanced-norm-matched,2.89797043800354,0.3861371576786041,2.89797043800354,0.0,0.801680862903595,0.801680862903595,True,1.66960871219635,7.221006393432617,14.719135284423828,8.815919069481247,-0.4883308708667755,0.049041783437132835,0.5170696377754211,0.4642857142857143
unit-balanced-norm-matched,26,unit-balanced-norm-matched,2.7390265464782715,0.34530526399612427,2.7390265464782715,0.0,0.9357454776763916,0.9357454776763916,True,1.4795595407485962,5.639001369476318,11.969831466674805,8.090131648651708,-0.4889092445373535,-0.039652359671890736,0.807276725769043,0.5357142857142857
unit-balanced-norm-matched,27,unit-balanced-norm-matched,4.074808597564697,0.3657976984977722,4.074808597564697,0.0,0.7086242437362671,0.7086242437362671,True,1.6355574131011963,4.874583125114441,22.41086196899414,13.70227776137842,-0.5962017178535461,0.07746140286326408,0.5633335113525391,0.42857142857142855
unit-balanced-norm-matched,28,unit-balanced-norm-matched,3.006441831588745,0.3765851855278015,3.006441831588745,0.0,0.32495415210723877,0.32495415210723877,True,2.3808858394622803,8.679757595062256,23.152809143066406,9.724451613478216,-0.8458758592605591,0.12820076569914818,0.8678780794143677,0.4642857142857143
unit-balanced-norm-matched,29,unit-balanced-norm-matched,3.6565587520599365,0.4197944104671478,3.6565587520599365,0.0,0.9371514916419983,0.9371514916419983,True,2.3240132331848145,5.136390447616577,14.393301010131836,6.193295633866653,-0.2709122896194458,-0.04061729647219181,0.8129563331604004,0.6071428571428571
unit-balanced-norm-matched,30,unit-balanced-norm-matched,2.409055709838867,0.27646470069885254,2.409055709838867,0.0,0.7215235829353333,0.7215235829353333,True,2.5837268829345703,5.178658962249756,15.35721206665039,5.943821759213121,-0.8297972083091736,-0.0568110104650259,0.7244071960449219,0.5714285714285714
unit-balanced-norm-matched,31,unit-balanced-norm-matched,2.9482262134552,0.25331780314445496,2.9482264518737793,8.086848213295639e-08,0.8003854155540466,0.8003854155540466,True,2.963529586791992,7.153872489929199,11.684340476989746,3.9427109245222667,-0.7787450551986694,-0.042427295818924904,0.7822502255439758,0.5714285714285714
unit-balanced-norm-matched,32,unit-balanced-norm-matched,3.317399263381958,0.4011537730693817,3.317399501800537,7.18691239853797e-08,0.9613592624664307,0.9613592624664307,True,2.814389705657959,5.938026666641235,15.125517845153809,5.374350899147318,-0.7410904169082642,0.09350195713341236,0.7931535243988037,0.4642857142857143
unit-balanced-norm-matched,33,unit-balanced-norm-matched,3.2155983448028564,0.44438636302948,3.2155983448028564,0.0,0.6682482957839966,0.6682482957839966,True,1.9752610921859741,6.554766893386841,34.90364456176758,17.67039542258211,-0.7914387583732605,0.3546551913022995,0.8377052545547485,0.42857142857142855
unit-balanced-norm-matched,34,unit-balanced-norm-matched,2.176304340362549,0.20356467366218567,2.176304340362549,0.0,0.7760463356971741,0.7760463356971741,True,1.750101089477539,8.638692378997803,15.641136169433594,8.937275831365245,-0.8584221005439758,-0.2162485271692276,0.8573775291442871,0.5714285714285714
unit-balanced-norm-matched,35,unit-balanced-norm-matched,3.5345282554626465,0.3584727346897125,3.5345282554626465,0.0,0.9232944250106812,0.9232944250106812,True,1.4004220962524414,7.55291223526001,20.01469612121582,14.29190254479386,-0.5703455209732056,0.034711710177361965,0.6122376322746277,0.42857142857142855
unit-balanced-norm-matched,36,unit-balanced-norm-matched,7.734011173248291,0.35763663053512573,7.734012126922607,1.23309146449202e-07,0.04252348840236664,0.04252348840236664,True,1.94233238697052,7.582308053970337,56.811195373535156,29.248956437442864,-0.7208060622215271,0.09471665695309639,0.7632929682731628,0.39285714285714285
unit-balanced-norm-matched,37,unit-balanced-norm-matched,5.109667778015137,0.3376685380935669,5.109668254852295,9.33205794861891e-08,0.8821823000907898,0.8821823000907898,True,2.825751304626465,7.582399845123291,18.07557487487793,6.396732382387534,-0.6566841006278992,0.08010834455490112,0.9152529835700989,0.4642857142857143
unit-balanced-norm-matched,38,unit-balanced-norm-matched,4.020859241485596,0.4288443624973297,4.020859241485596,0.0,0.9214676022529602,0.9214676022529602,True,1.2169400453567505,6.858617067337036,24.993331909179688,20.537849834543657,-0.5456920266151428,0.09541584923863411,0.6027517914772034,0.4642857142857143
unit-balanced-norm-matched,39,unit-balanced-norm-matched,3.0486361980438232,0.2798490524291992,3.0486364364624023,7.820499514643586e-08,0.6026369333267212,0.6026369333267212,True,2.2991063594818115,11.029740810394287,16.50881004333496,7.180533416929798,-0.861327052116394,-0.052094995975494385,0.8314689993858337,0.5714285714285714
unit-balanced-norm-matched,40,unit-balanced-norm-matched,4.954614639282227,0.3852398693561554,4.954614639282227,0.0,0.9253852367401123,0.9253852367401123,True,2.3121891021728516,8.365147113800049,20.498430252075195,8.865377936783823,-0.8801344037055969,0.12679516524076462,0.8146889209747314,0.39285714285714285
unit-balanced-norm-matched,41,unit-balanced-norm-matched,4.42262077331543,0.4533820152282715,4.422621250152588,1.0781778114754559e-07,0.8998008370399475,0.8998008370399475,True,2.3035590648651123,7.0647313594818115,20.022260665893555,8.691880738498009,-0.6441329717636108,0.08509978279471397,0.7951416969299316,0.35714285714285715
unit-balanced-norm-matched,42,unit-balanced-norm-matched,5.359294891357422,0.3931136131286621,5.359294891357422,0.0,0.8021667003631592,0.8021667003631592,True,3.0974555015563965,10.389647006988525,24.370529174804688,7.8679190589046675,-0.6506644487380981,0.03700274880975485,0.8230835795402527,0.4642857142857143
unit-balanced-norm-matched,43,unit-balanced-norm-matched,3.0495071411132812,0.35126054286956787,3.0495071411132812,0.0,0.9492578506469727,0.9492578506469727,True,3.513678789138794,8.843734979629517,17.869091033935547,5.085578991788056,-0.6792418360710144,-0.01102199126034975,0.7737131118774414,0.5
unit-balanced-norm-matched,44,unit-balanced-norm-matched,2.182178258895874,0.32505670189857483,2.182178258895874,0.0,0.6765598058700562,0.6765598058700562,True,1.8325787782669067,6.844951152801514,12.682222366333008,6.920424113132396,-0.8026917576789856,0.007373304106295109,0.710257351398468,0.5
unit-balanced-norm-matched,45,unit-balanced-norm-matched,3.5745105743408203,0.27365273237228394,3.5745105743408203,0.0,0.9126715660095215,0.9126715660095215,True,4.1884846687316895,9.777512073516846,17.69150161743164,4.223842992551477,-0.8750950694084167,-0.1468498855829239,0.7609638571739197,0.6071428571428571
unit-balanced-norm-matched,46,unit-balanced-norm-matched,2.997824192047119,0.31133773922920227,2.997824192047119,0.0,0.7777223587036133,0.7777223587036133,True,1.5652477741241455,6.085036516189575,20.172935485839844,12.888014165762266,-0.6323047280311584,-0.035341828130185604,0.536727249622345,0.5714285714285714
unit-balanced-norm-matched,47,unit-balanced-norm-matched,7.537198066711426,0.4484403431415558,7.537198066711426,0.0,0.9660645127296448,0.9660645127296448,True,1.9716655015945435,14.116624355316162,19.144670486450195,9.709897784876462,-0.7706679105758667,0.14428555220365524,0.8102763891220093,0.32142857142857145
unit-balanced-norm-matched,48,unit-balanced-norm-matched,2.646383762359619,0.3852132558822632,2.646383762359619,0.0,0.9447746276855469,0.9447746276855469,True,2.5106801986694336,4.837921857833862,12.92546558380127,5.14819274499846,-0.6989210247993469,0.1007930301129818,0.7643963694572449,0.42857142857142855
unit-balanced-norm-matched,49,unit-balanced-norm-matched,6.691975116729736,0.5044785141944885,6.6919755935668945,7.125507051064517e-08,0.9734907150268555,0.9734907150268555,True,2.4017322063446045,9.98291540145874,18.36966323852539,7.648506019946206,-0.6596497893333435,0.36706438660621643,0.7960978150367737,0.2857142857142857
unit-balanced-norm-matched,50,unit-balanced-norm-matched,2.7028093338012695,0.38124051690101624,2.7028093338012695,0.0,0.9706004858016968,0.9706004858016968,True,2.7683300971984863,7.304600715637207,11.445653915405273,4.134497517831463,-0.7828500270843506,-0.0404383996501565,0.7491170167922974,0.5357142857142857
unit-balanced-norm-matched,51,unit-balanced-norm-matched,5.127810478210449,0.46312353014945984,5.127810478210449,0.0,0.8822364807128906,0.8822364807128906,True,2.4655115604400635,11.448634147644043,28.182632446289062,11.430744393369954,-0.5836160778999329,0.12808552756905556,0.752544105052948,0.32142857142857145
unit-balanced-norm-matched,52,unit-balanced-norm-matched,3.785935163497925,0.2713913023471832,3.785935401916504,6.297481824901752e-08,0.7129074335098267,0.7129074335098267,True,0.821395754814148,11.390788555145264,34.95824432373047,42.55956293764904,-0.7543958425521851,-0.03332807123661041,0.6750653982162476,0.5714285714285714
unit-balanced-norm-matched,53,unit-balanced-norm-matched,4.538544178009033,0.34364619851112366,4.538543701171875,1.0506390146769462e-07,0.9738460183143616,0.9738460183143616,True,5.084662437438965,12.888767719268799,22.048503875732422,4.336276822112459,-0.7239866256713867,-0.11398937553167343,0.7879077196121216,0.5714285714285714
unit-balanced-norm-matched,54,unit-balanced-norm-matched,5.068246364593506,0.4493614733219147,5.068245887756348,9.408326351323382e-08,0.9389879703521729,0.9389879703521729,True,6.357145309448242,9.234256744384766,21.229251861572266,3.339431588895806,-0.4859306514263153,0.15009119361639023,0.6470251679420471,0.42857142857142855
unit-balanced-norm-matched,55,unit-balanced-norm-matched,5.912214279174805,0.36524608731269836,5.912214279174805,0.0,0.8263925909996033,0.8263925909996033,True,3.103654623031616,8.190004348754883,28.36079978942871,9.137872358273611,-0.6713964343070984,0.023663912899792194,0.4922068417072296,0.5
unit-balanced-norm-matched,56,unit-balanced-norm-matched,6.6429219245910645,0.37818124890327454,6.6429219245910645,0.0,0.9398626089096069,0.9398626089096069,True,4.689582824707031,13.445950031280518,43.740875244140625,9.327242289802872,-0.7067702412605286,0.0010167993605136871,0.7605170607566833,0.5
unit-balanced-norm-matched,57,unit-balanced-norm-matched,10.154844284057617,0.5879414677619934,10.1548433303833,9.391323885221681e-08,0.9767113924026489,0.9767113924026489,True,3.2902281284332275,13.640737056732178,31.087730407714844,9.44850301991628,-0.8263092637062073,0.45907720923423767,0.9009016156196594,0.32142857142857145
unit-balanced-norm-matched,58,unit-balanced-norm-matched,8.456730842590332,0.43597501516342163,8.456730842590332,0.0,0.9585623741149902,0.9585623741149902,True,2.649055242538452,10.240245819091797,33.26264953613281,12.556419738630645,-0.5845006704330444,-0.02347814431414008,0.8252992630004883,0.5357142857142857
unit-balanced-norm-matched,59,unit-balanced-norm-matched,3.701068639755249,0.3640090525150299,3.70106840133667,6.441884825569844e-08,0.7667933702468872,0.7667933702468872,True,5.0801167488098145,6.92756462097168,24.580503463745117,4.838570583934692,-0.5196429491043091,-0.010820666793733835,0.674306333065033,0.5
unit-balanced-norm-matched,60,unit-balanced-norm-matched,21.631803512573242,0.39780908823013306,21.631803512573242,0.0,0.9284553527832031,0.9284553527832031,True,3.8354504108428955,17.28830909729004,150.37033081054688,39.20539042440672,-0.6172344088554382,-0.1269418504089117,0.8741620182991028,0.5357142857142857
unit-balanced-norm-matched,61,unit-balanced-norm-matched,5.910318374633789,0.34232109785079956,5.910318374633789,0.0,0.8190903663635254,0.8190903663635254,True,6.385594844818115,12.71326494216919,48.86909484863281,7.65302153303539,-0.5807501673698425,-0.060762492939829826,0.8682873249053955,0.5357142857142857
unit-balanced-norm-matched,62,unit-balanced-norm-matched,7.962388038635254,0.4314314126968384,7.962388515472412,5.988619955488161e-08,0.8140514492988586,0.8140514492988586,True,4.96330451965332,9.099708795547485,53.420738220214844,10.763139357797495,-0.7680581212043762,0.04909693822264671,0.8152634501457214,0.4642857142857143
unit-balanced-norm-matched,63,unit-balanced-norm-matched,9.910285949707031,0.40614253282546997,9.910285949707031,0.0,0.9525372982025146,0.9525372982025146,True,3.6793437004089355,19.646435260772705,53.75729751586914,14.610566963313147,-0.636256754398346,-0.006499788723886013,0.8944078087806702,0.5
unit-balanced-norm-matched,64,unit-balanced-norm-matched,15.508760452270508,0.33284562826156616,15.508761405944824,6.149262010701761e-08,0.6349124908447266,0.6349124908447266,True,2.31915545463562,11.928757190704346,93.84040069580078,40.46317831270382,-0.4813278615474701,-0.1290079727768898,0.7323375940322876,0.6071428571428571
unit-balanced-norm-matched,65,unit-balanced-norm-matched,13.88290023803711,0.5686587691307068,13.882899284362793,6.869417057409066e-08,0.9605724215507507,0.9605724215507507,True,1.7026087045669556,19.308647632598877,35.85148620605469,21.05679720178173,-0.6293257474899292,0.3195473402738571,0.898873507976532,0.39285714285714285
unit-balanced-norm-matched,66,unit-balanced-norm-matched,5.816638946533203,0.27511417865753174,5.816638469696045,8.197812562116269e-08,0.5561819076538086,0.5561819076538086,True,3.8403820991516113,11.070766925811768,97.59259796142578,25.41221041077793,-0.9076027274131775,-0.0972832553088665,0.7866780757904053,0.5357142857142857
unit-balanced-norm-matched,67,unit-balanced-norm-matched,11.52987003326416,0.6803858280181885,11.52987003326416,0.0,0.9130034446716309,0.9130034446716309,True,3.77394700050354,10.14498233795166,54.52180480957031,14.446892021084484,-0.14483985304832458,0.3952156603336334,0.6998693943023682,0.03571428571428571
unit-balanced-norm-matched,68,unit-balanced-norm-matched,19.72925567626953,0.45914551615715027,19.72925567626953,0.0,0.9581535458564758,0.9581535458564758,True,5.854227542877197,15.106906414031982,97.57913208007812,16.668148165645192,-0.8955655097961426,0.37842731177806854,0.9132012128829956,0.42857142857142855
unit-balanced-norm-matched,69,unit-balanced-norm-matched,4.8995442390441895,0.25882837176322937,4.8995442390441895,0.0,0.688429594039917,0.688429594039917,True,4.920246124267578,15.64302921295166,48.56455993652344,9.87035174866434,-0.7789113521575928,-0.01964673027396202,0.8109692335128784,0.5
unit-balanced-norm-matched,70,unit-balanced-norm-matched,40.56702423095703,0.3543107211589813,40.56702423095703,0.0,0.5514750480651855,0.5514750480651855,True,3.504049301147461,13.465899467468262,283.68011474609375,80.95779778360934,-0.7213096022605896,-0.02771275956183672,0.8689058423042297,0.5357142857142857
unit-balanced-norm-matched,71,unit-balanced-norm-matched,27.2900390625,0.31704655289649963,27.2900390625,0.0,-0.46210557222366333,-0.46210557222366333,True,6.163025379180908,17.547383308410645,237.8985137939453,38.60093041277773,-0.8073746562004089,-0.22129037231206894,0.7782281637191772,0.5357142857142857
unit-balanced-norm-matched,72,unit-balanced-norm-matched,27.794361114501953,0.316324919462204,27.794361114501953,0.0,0.7314194440841675,0.7314194440841675,True,8.565237045288086,16.06063222885132,211.31785583496094,24.671571226532635,-0.7605194449424744,-0.29831984639167786,0.8510512709617615,0.5714285714285714
unit-balanced-norm-matched,73,unit-balanced-norm-matched,11.366864204406738,0.49490123987197876,11.366864204406738,0.0,0.9221895933151245,0.9221895933151245,True,6.735233306884766,16.17318630218506,51.05620574951172,7.580465801729836,-0.5874415636062622,0.09064379706978798,0.8460181355476379,0.39285714285714285
unit-balanced-norm-matched,74,unit-balanced-norm-matched,23.53103256225586,0.274077832698822,23.53103256225586,0.0,0.0024280697107315063,0.0024280697107315063,True,4.169318675994873,9.886052370071411,135.00794982910156,32.38129783804216,-0.7918816804885864,-0.05212486535310745,0.8865616917610168,0.5714285714285714
unit-balanced-norm-matched,75,unit-balanced-norm-matched,11.127391815185547,0.2891201674938202,11.127391815185547,0.0,0.7281601428985596,0.7281601428985596,True,8.900525093078613,16.441071033477783,81.53216552734375,9.16037701986215,-0.8565421104431152,-0.07712557818740606,0.8861579298973083,0.5357142857142857
unit-balanced-norm-matched,76,unit-balanced-norm-matched,8.78221607208252,0.4314157962799072,8.78221607208252,0.0,0.8394085764884949,0.8394085764884949,True,3.654247999191284,12.446832180023193,47.08856201171875,12.88597873547166,-0.42452192306518555,0.04010421968996525,0.6342834830284119,0.39285714285714285
unit-balanced-norm-matched,77,unit-balanced-norm-matched,5.956966876983643,0.27133622765541077,5.956967353820801,8.004697149566198e-08,0.07665552198886871,0.07665552198886871,True,2.8150277137756348,21.90989875793457,100.81291961669922,35.81240750254805,-0.8567957878112793,-0.16305464506149292,0.7814203500747681,0.5714285714285714
unit-balanced-norm-matched,78,unit-balanced-norm-matched,66.20877075195312,0.2747957408428192,66.20877075195312,0.0,0.759842574596405,0.759842574596405,True,5.138430595397949,24.16077709197998,444.05889892578125,86.41916839812659,-0.8438244462013245,-0.42843639850616455,0.897428035736084,0.5357142857142857
unit-balanced-norm-matched,79,unit-balanced-norm-matched,7.790534496307373,0.3483465313911438,7.790534019470215,6.12072456052104e-08,0.9546052813529968,0.9546052813529968,True,4.461479663848877,24.854650497436523,44.1319694519043,9.89177868712553,-0.9343502521514893,-0.06232864409685135,0.8941959142684937,0.5357142857142857
unit-balanced-norm-matched,80,unit-balanced-norm-matched,4.126805305480957,0.19508887827396393,4.126805305480957,0.0,0.6458191275596619,0.6458191275596619,True,5.328323841094971,15.097121715545654,32.402679443359375,6.081214357402988,-0.7257331609725952,-0.18173100799322128,0.9130882620811462,0.6428571428571429
unit-balanced-norm-matched,81,unit-balanced-norm-matched,22.65912628173828,0.6867089867591858,22.65912628173828,0.0,0.9665278196334839,0.9665278196334839,True,3.6356160640716553,19.963318347930908,67.48422241210938,18.56197717878147,-0.05559145659208298,0.4777543246746063,0.7753210067749023,0.14285714285714285
unit-balanced-norm-matched,82,unit-balanced-norm-matched,17.581819534301758,0.3647373616695404,17.58182144165039,1.0848414344621915e-07,0.9525894522666931,0.9525894522666931,True,2.8463048934936523,32.91152572631836,84.09262084960938,29.544488027911587,-0.8940040469169617,0.0017656264826655388,0.9462652206420898,0.5
unit-balanced-norm-matched,83,unit-balanced-norm-matched,9.630411148071289,0.47537752985954285,9.630411148071289,0.0,0.934258759021759,0.934258759021759,True,4.644100189208984,27.8131685256958,80.74466705322266,17.386504115660703,-0.9325644969940186,0.5546539127826691,0.9415555000305176,0.42857142857142855
unit-balanced-norm-matched,84,unit-balanced-norm-matched,6.005309104919434,0.22904109954833984,6.005309104919434,0.0,0.6365597248077393,0.6365597248077393,True,5.114952087402344,17.863200664520264,52.3825798034668,10.241069497499355,-0.8616833090782166,-0.3207137882709503,0.8930407166481018,0.5714285714285714
unit-balanced-norm-matched,85,unit-balanced-norm-matched,5.480268955230713,0.2735181152820587,5.480268955230713,0.0,0.68402498960495,0.68402498960495,True,2.9326999187469482,13.780088424682617,35.820343017578125,12.214118051629042,-0.6853829026222229,-0.15011025965213776,0.6531270742416382,0.5714285714285714
unit-balanced-norm-matched,86,unit-balanced-norm-matched,20.129384994506836,0.40833866596221924,20.12938690185547,9.475444140427669e-08,0.9303529858589172,0.9303529858589172,True,6.978302478790283,15.61876106262207,160.04063415527344,22.934035124114757,-0.8827751874923706,0.2736205384135246,0.8723174929618835,0.42857142857142855
unit-balanced-norm-matched,87,unit-balanced-norm-matched,7.019345283508301,0.32659444212913513,7.019345283508301,0.0,0.8293293118476868,0.8293293118476868,True,6.54635763168335,19.449286460876465,48.828147888183594,7.458826821782998,-0.7032464742660522,-0.02289128163829446,0.4855891764163971,0.5
unit-balanced-norm-matched,88,unit-balanced-norm-matched,8.815091133117676,0.2947638928890228,8.81509017944336,1.0818655216127127e-07,0.9532602429389954,0.9532602429389954,True,7.3921051025390625,23.33354949951172,66.52073669433594,8.998889459984436,-0.8808565139770508,-0.18757682293653488,0.8970695734024048,0.6428571428571429
unit-balanced-norm-matched,89,unit-balanced-norm-matched,5.848363399505615,0.27939411997795105,5.848363399505615,0.0,0.7079766392707825,0.7079766392707825,True,2.9351959228515625,19.233895301818848,73.95638275146484,25.196404156767745,-0.8968199491500854,-0.08009608089923859,0.8541408777236938,0.5357142857142857
unit-balanced-norm-matched,90,unit-balanced-norm-matched,12.252217292785645,0.2991136312484741,12.252217292785645,0.0,0.2135043740272522,0.2135043740272522,True,3.739147186279297,11.72525691986084,132.85787963867188,35.53159932462418,-0.8087819814682007,-0.03956982307136059,0.8123589158058167,0.5714285714285714
unit-balanced-norm-matched,91,unit-balanced-norm-matched,33.56290054321289,0.2427719533443451,33.56290054321289,0.0,0.541269063949585,0.541269063949585,True,4.388440132141113,40.44557762145996,164.5565185546875,37.4977243849059,-0.9006547331809998,-0.11473917588591576,0.797244668006897,0.6071428571428571
unit-balanced-norm-matched,92,unit-balanced-norm-matched,17.07032585144043,0.5489827394485474,17.07032585144043,0.0,0.9738901853561401,0.9738901853561401,True,4.245228290557861,19.456153869628906,74.5091781616211,17.55127711914638,-0.5880382657051086,0.3044404163956642,0.8878840208053589,0.39285714285714285
unit-balanced-norm-matched,93,unit-balanced-norm-matched,14.4642333984375,0.3438866138458252,14.4642333984375,0.0,0.6077497005462646,0.6077497005462646,True,4.969249248504639,9.418394327163696,116.95235443115234,23.535216001963676,-0.5749938488006592,0.019790066638961434,0.5807793736457825,0.5
unit-balanced-norm-matched,94,unit-balanced-norm-matched,12.249654769897461,0.29542478919029236,12.249654769897461,0.0,0.6651343703269958,0.6651343703269958,True,8.294332504272461,22.380552291870117,81.02149963378906,9.768296555757127,-0.6237872838973999,-0.0858585387468338,0.8467655777931213,0.5714285714285714
unit-balanced-norm-matched,95,unit-balanced-norm-matched,6.790392875671387,0.24759924411773682,6.790392875671387,0.0,0.7017650008201599,0.7017650008201599,True,4.013887882232666,20.047911643981934,42.82921600341797,10.67025718207028,-0.844593346118927,-0.03220735117793083,0.6576275825500488,0.6071428571428571
unit-balanced-norm-matched,96,unit-balanced-norm-matched,13.526749610900879,0.2910994291305542,13.526749610900879,0.0,0.3190232813358307,0.3190232813358307,True,3.9640309810638428,25.883476734161377,81.9482192993164,20.67295126874201,-0.9276160001754761,-0.15295057743787766,0.9347281455993652,0.5357142857142857
unit-balanced-norm-matched,97,unit-balanced-norm-matched,11.519328117370605,0.2300308793783188,11.519328117370605,0.0,0.43648749589920044,0.43648749589920044,True,3.0222344398498535,32.46110248565674,81.98310852050781,27.12665418655635,-0.9322916865348816,-0.15942180901765823,0.9266409277915955,0.5357142857142857
unit-balanced-norm-matched,98,unit-balanced-norm-matched,13.262158393859863,0.21450237929821014,13.262157440185547,7.190943496215851e-08,0.14151708781719208,0.14151708781719208,True,4.556668758392334,18.85846519470215,90.19039916992188,19.793055837954412,-0.8902950882911682,-0.2978084981441498,0.9512824416160583,0.5714285714285714
unit-balanced-norm-matched,99,unit-balanced-norm-matched,5.8870954513549805,0.29392391443252563,5.887095928192139,8.099701487296329e-08,0.8470478057861328,0.8470478057861328,True,6.173182010650635,22.550846099853516,63.14638137817383,10.229146211666354,-0.8581047058105469,-0.2944527864456177,0.8530666828155518,0.5714285714285714
unit-balanced-norm-matched,100,unit-balanced-norm-matched,13.82593822479248,0.537200391292572,13.825939178466797,6.897718618503745e-08,0.9816374778747559,0.9816374778747559,True,4.220945835113525,19.515596389770508,48.649898529052734,11.525828671938942,-0.5412099361419678,0.3770528882741928,0.9229907989501953,0.4642857142857143
unit-balanced-norm-matched,101,unit-balanced-norm-matched,5.7047600746154785,0.2871202230453491,5.7047600746154785,0.0,0.809299647808075,0.809299647808075,True,3.109023332595825,16.726827144622803,60.32435989379883,19.402993622255014,-0.836993932723999,-0.13593736663460732,0.8795923590660095,0.6428571428571429
unit-balanced-norm-matched,102,unit-balanced-norm-matched,14.292060852050781,0.43029096722602844,14.292059898376465,6.672755781256257e-08,0.9604774713516235,0.9604774713516235,True,3.7478466033935547,20.07450771331787,51.59331130981445,13.766121394375737,-0.6951465010643005,-0.2865159511566162,0.935554563999176,0.5357142857142857
unit-balanced-norm-matched,103,unit-balanced-norm-matched,9.84384536743164,0.44925129413604736,9.84384536743164,0.0,0.8304794430732727,0.8304794430732727,True,2.017778158187866,20.904541969299316,84.66839599609375,41.96120155851675,-0.9124568104743958,0.17767447978258133,0.8880536556243896,0.42857142857142855
unit-balanced-norm-matched,104,unit-balanced-norm-matched,4.572397708892822,0.34463658928871155,4.572397232055664,1.0428601981971042e-07,0.3281511664390564,0.3281511664390564,True,1.8492182493209839,26.076019287109375,86.9958267211914,47.04465076155044,-0.9302927851676941,0.059330517426133156,0.8689655065536499,0.42857142857142855
unit-balanced-norm-matched,105,unit-balanced-norm-matched,19.67765235900879,0.3834230601787567,19.67765235900879,0.0,0.8506338596343994,0.8506338596343994,True,3.6131820678710938,11.796826839447021,150.04159545898438,41.52616520301444,-0.5681651830673218,0.017639939072068955,0.9196048974990845,0.4642857142857143
unit-balanced-norm-matched,106,unit-balanced-norm-matched,21.92535972595215,0.2806732654571533,21.92535972595215,0.0,-0.5080744624137878,-0.5080744624137878,True,8.10265827178955,24.468863487243652,233.60018920898438,28.83006803116621,-0.9587355256080627,-0.1046624630689621,0.9225292205810547,0.5
unit-balanced-norm-matched,107,unit-balanced-norm-matched,22.71086311340332,0.29667341709136963,22.71086311340332,0.0,0.6064498424530029,0.6064498424530029,True,4.682690620422363,14.92549180984497,127.50409698486328,27.228810809919114,-0.8926416635513306,-0.009682598058134317,0.8593482375144958,0.5357142857142857
unit-balanced-norm-matched,108,unit-balanced-norm-matched,6.605522632598877,0.2405131608247757,6.605522632598877,0.0,0.5771209001541138,0.5771209001541138,True,3.2644360065460205,12.620160579681396,67.68063354492188,20.732718732793376,-0.9202215671539307,-0.1925463154911995,0.8976948857307434,0.6071428571428571
unit-balanced-norm-matched,109,unit-balanced-norm-matched,7.697700023651123,0.13898274302482605,7.697700500488281,6.194540658199799e-08,0.3057926893234253,0.3057926893234253,True,5.328891754150391,24.723790168762207,79.26451873779297,14.874484676116388,-0.9030298590660095,-0.7306692600250244,0.9010568857192993,0.5714285714285714
unit-balanced-norm-matched,110,unit-balanced-norm-matched,25.190536499023438,0.378957062959671,25.190536499023438,0.0,0.9179137349128723,0.9179137349128723,True,6.106123924255371,40.914984703063965,168.20274353027344,27.546565647336646,-0.9262327551841736,0.3292028605937958,0.9170869588851929,0.4642857142857143
unit-balanced-norm-matched,111,unit-balanced-norm-matched,36.293182373046875,0.37492406368255615,36.29317855834961,1.0510781955908044e-07,0.8718684315681458,0.8718684315681458,True,4.210929870605469,23.141640663146973,155.7975311279297,36.99836756139763,-0.8825339078903198,-0.0067081451416015625,0.8970160484313965,0.5
unit-balanced-norm-matched,112,unit-balanced-norm-matched,12.076624870300293,0.3615168035030365,12.076623916625977,7.896861309308889e-08,0.7877679467201233,0.7877679467201233,True,3.6003828048706055,13.415891647338867,63.885860443115234,17.74418552290893,-0.8220808506011963,-0.009087119717150927,0.788133442401886,0.5
unit-balanced-norm-matched,113,unit-balanced-norm-matched,168.10922241210938,0.33319535851478577,168.10922241210938,0.0,-0.04588622227311134,-0.04588622227311134,True,4.325068473815918,18.656503677368164,1345.9951171875,311.2078167862985,-0.8239564299583435,-0.250056691467762,0.7493166327476501,0.5357142857142857
unit-balanced-norm-matched,114,unit-balanced-norm-matched,6.41406774520874,0.2797534763813019,6.414067268371582,7.434239501780127e-08,0.8950678706169128,0.8950678706169128,True,4.737597942352295,17.049657821655273,32.61264419555664,6.883793135760256,-0.8331917524337769,-0.34673815965652466,0.7573863863945007,0.5357142857142857
unit-balanced-norm-matched,115,unit-balanced-norm-matched,34.0875244140625,0.5566845536231995,34.0875244140625,0.0,0.9603890776634216,0.9603890776634216,True,5.90079402923584,11.460820198059082,121.24896240234375,20.54790623119676,-0.7732675671577454,0.6767549216747284,0.9155621528625488,0.42857142857142855
unit-balanced-norm-matched,116,unit-balanced-norm-matched,15.647512435913086,0.263197124004364,15.647512435913086,0.0,0.3323426842689514,0.3323426842689514,True,2.8228912353515625,13.592399597167969,170.25291442871094,60.31153885654672,-0.8475810885429382,-0.15617943927645683,0.8144099116325378,0.5357142857142857
unit-balanced-norm-matched,117,unit-balanced-norm-matched,8.963642120361328,0.20756183564662933,8.963642120361328,0.0,0.844251275062561,0.844251275062561,True,6.697304725646973,26.942517280578613,48.405574798583984,7.227620181775126,-0.8774163126945496,-0.3308434337377548,0.8823418021202087,0.5714285714285714
unit-balanced-norm-matched,118,unit-balanced-norm-matched,39.079246520996094,0.20668253302574158,39.079246520996094,0.0,0.5812481045722961,0.5812481045722961,True,3.9336910247802734,26.438274383544922,246.7079315185547,62.71665211233391,-0.8207798004150391,-0.31859657168388367,0.8460033535957336,0.5714285714285714
unit-balanced-norm-matched,119,unit-balanced-norm-matched,15.201725006103516,0.2710212767124176,15.2017240524292,6.273461172767725e-08,0.7687149047851562,0.7687149047851562,True,6.278000354766846,18.056339263916016,123.67779541015625,19.700189299328166,-0.8623777031898499,-0.16570845991373062,0.7988854646682739,0.5714285714285714
unit-balanced-norm-matched,120,unit-balanced-norm-matched,5.545613765716553,0.3295096158981323,5.545613765716553,0.0,0.8698968291282654,0.8698968291282654,True,6.115848541259766,18.4847469329834,62.21657943725586,10.173008539619632,-0.9226541519165039,0.033509623259305954,0.7850042581558228,0.4642857142857143
unit-balanced-norm-matched,121,unit-balanced-norm-matched,9.053583145141602,0.3363853693008423,9.053583145141602,0.0,0.8282608389854431,0.8282608389854431,True,4.425553798675537,28.175698280334473,63.51211929321289,14.351225221173575,-0.8137850165367126,-0.11385352909564972,0.9367144107818604,0.5357142857142857
unit-balanced-norm-matched,122,unit-balanced-norm-matched,9.049339294433594,0.23783715069293976,9.049339294433594,0.0,0.8124274015426636,0.8124274015426636,True,6.124702453613281,38.725616455078125,90.48845672607422,14.774343310782447,-0.9569066166877747,-0.12283972464501858,0.9046995043754578,0.5357142857142857
unit-balanced-norm-matched,123,unit-balanced-norm-matched,7.604676723480225,0.3407477140426636,7.604676246643066,6.270314645284714e-08,0.7093225717544556,0.7093225717544556,True,3.487492084503174,23.87401580810547,59.12870407104492,16.954505598388582,-0.7389354705810547,0.046989195980131626,0.7283419966697693,0.4642857142857143
unit-balanced-norm-matched,124,unit-balanced-norm-matched,64.11848449707031,0.3190377652645111,64.11848449707031,0.0,0.7193082571029663,0.7193082571029663,True,10.379739761352539,14.777652263641357,527.593505859375,50.829165084060506,-0.9274278283119202,-0.061170777305960655,0.8717470169067383,0.5714285714285714
unit-balanced-norm-matched,125,unit-balanced-norm-matched,11.298040390014648,0.2474018931388855,11.298039436340332,8.441059540231777e-08,0.8612536191940308,0.8612536191940308,True,5.721462249755859,26.465824127197266,58.66664123535156,10.253784552691041,-0.891821026802063,-0.34589783847332,0.8236062526702881,0.5357142857142857
unit-balanced-norm-matched,126,unit-balanced-norm-matched,7.3480963706970215,0.25726667046546936,7.34809684753418,6.489261084041686e-08,0.39334091544151306,0.39334091544151306,True,5.866176605224609,24.95885181427002,62.08396530151367,10.583378148932587,-0.8692533373832703,-0.37227289378643036,0.7414101362228394,0.5357142857142857
unit-balanced-norm-matched,127,unit-balanced-norm-matched,28.256336212158203,0.19019144773483276,28.25633430480957,6.750162573343488e-08,0.33297568559646606,0.33297568559646606,True,7.895591735839844,19.704495906829834,314.503662109375,39.832817175915146,-0.9160529375076294,-0.38378068804740906,0.8914119601249695,0.5714285714285714
unit-balanced-norm-matched,128,unit-balanced-norm-matched,13.934083938598633,0.29493770003318787,13.93408489227295,6.844183797483083e-08,0.7728257775306702,0.7728257775306702,True,4.765673637390137,28.684343338012695,113.67185974121094,23.852212381765604,-0.8663186430931091,-0.08399070426821709,0.8031920194625854,0.6071428571428571
