arm,optimizer_step,learning_rate,loss_mean,loss_F2,loss_F3,loss_F5,loss_F6,gradient_norm_before_clip,gradient_clipped,update_weight_ratio,raw_vs_applied_cosine,raw_vs_unit_balanced_cosine,norm_match_relative_error,micro_gradient_max_min_ratio,negative_pairwise_cosine_fraction,state_gradient_nonzero_fraction
raw-mean-control,1,1e-05,21.024068474769592,13.835819244384766,12.473971843719482,33.26043891906738,24.52604389190674,3.175675868988037,False,0.000362263933587929,1.0000001192092896,0.8967180848121643,0.0,17.227585199020123,0.42857142857142855,1.0
raw-mean-control,2,1.1333333333333334e-05,21.471657395362854,13.704310417175293,13.442710876464844,34.708351135253906,24.031257152557373,6.633223533630371,False,0.0005616979768447969,1.0000001192092896,0.8499823808670044,0.0,16.201435437421463,0.5,1.0
raw-mean-control,3,1.2666666666666667e-05,21.593399047851562,11.602118968963623,13.28647232055664,39.36520576477051,22.11979913711548,3.326453924179077,False,0.0005561674790575203,0.9999998807907104,0.904683530330658,0.0,7.785364081541033,0.39285714285714285,1.0
raw-mean-control,4,1.4000000000000001e-05,22.629596829414368,13.455335140228271,15.000006675720215,39.167205810546875,22.89583969116211,2.3275978565216064,False,0.0006263281788039528,1.0,0.9414187669754028,0.0,8.158654786807396,0.5714285714285714,1.0
raw-mean-control,5,1.5333333333333334e-05,21.660993099212646,13.543868064880371,14.635420799255371,35.324052810668945,23.1406307220459,4.756730079650879,False,0.0006845909009398715,0.9999998807907104,0.5034914612770081,0.0,49.78214018061823,0.5714285714285714,1.0
raw-mean-control,6,1.6666666666666667e-05,21.1295382976532,13.408740997314453,15.33333969116211,33.29169464111328,22.48437786102295,2.4007608890533447,False,0.0007086573735410342,0.9999998807907104,0.7557657361030579,0.0,8.851738026727515,0.4642857142857143,1.0
raw-mean-control,7,1.8e-05,21.832884907722473,12.819921493530273,14.447919368743896,35.261613845825195,24.802084922790527,2.2954912185668945,False,0.0007053514878459469,1.0000001192092896,0.8042917251586914,0.0,8.251130167590711,0.5357142857142857,1.0
raw-mean-control,8,1.9333333333333333e-05,21.576157331466675,13.24112606048584,12.536474227905273,34.99056434631348,25.53646469116211,6.132127285003662,False,0.0008076422949618492,1.0,0.9327255487442017,0.0,12.575718490394648,0.4642857142857143,1.0
raw-mean-control,9,2.0666666666666666e-05,22.180079460144043,13.215080261230469,13.125013828277588,38.2187614440918,24.16146230697632,1.970431923866272,False,0.000765812217434648,1.0000001192092896,0.7033524513244629,0.0,8.971748288980494,0.5714285714285714,1.0
raw-mean-control,10,2.2e-05,20.817035794258118,13.377482414245605,12.557305812835693,34.34376335144043,22.989591598510742,3.3793411254882812,False,0.0009105918154125666,1.0,0.8087045550346375,0.0,11.471219434412049,0.39285714285714285,1.0
raw-mean-control,11,2.3333333333333332e-05,20.86784839630127,13.147570610046387,11.989596843719482,35.19880199432373,23.13542413711548,5.813011169433594,False,0.0007521255699265226,0.9999999403953552,0.6072972416877747,0.0,16.05269423355737,0.5357142857142857,1.0
raw-mean-control,12,2.4666666666666665e-05,22.034563541412354,13.50281047821045,13.619793891906738,36.90626907348633,24.1093807220459,4.024408340454102,False,0.0007768312316167215,1.0000001192092896,0.7952889800071716,0.0,19.639111502086298,0.6428571428571429,1.0
raw-mean-control,13,2.6000000000000002e-05,20.896050930023193,12.188338279724121,13.177085876464844,33.31252670288086,24.90625286102295,3.82480525970459,False,0.0007999655802268857,1.0,0.7882401347160339,0.0,9.148277000319114,0.5714285714285714,1.0
raw-mean-control,14,2.733333333333333e-05,21.434037804603577,12.668410778045654,15.15104866027832,34.31251907348633,23.604172706604004,6.619522571563721,False,0.0009679144043350497,0.9999999403953552,0.8709119558334351,0.0,15.488052478358377,0.5714285714285714,1.0
raw-mean-control,15,2.8666666666666668e-05,21.54377520084381,11.763614177703857,14.473960876464844,34.41668510437012,25.520840644836426,18.972766876220703,True,0.0010751524758411033,1.0,0.6393882632255554,0.0,110.56579095726688,0.35714285714285715,1.0
raw-mean-control,16,2.9999999999999997e-05,22.753117561340332,13.261778831481934,13.197928428649902,39.03192329406738,25.52083969116211,1.7769619226455688,False,0.001111580934896106,1.0,0.9138665795326233,0.0,5.525437927490551,0.5714285714285714,1.0
raw-mean-control,17,2.9999999999999997e-05,21.521325707435608,13.731119155883789,13.692712306976318,34.447927474975586,24.21354389190674,1.634891390800476,False,0.0010698303338616895,0.9999997019767761,0.9645939469337463,0.0,4.737783784156766,0.42857142857142855,1.0
raw-mean-control,18,2.9999872856917585e-05,20.600288569927216,11.307379007339478,14.406252384185791,34.583351135253906,22.104171752929688,2.821608066558838,False,0.0011288770539475798,0.9999999403953552,0.956656277179718,0.0,4.539135104337701,0.5,1.0
raw-mean-control,19,2.999949143090342e-05,20.478047490119934,11.229869842529297,13.541669845581055,34.406267166137695,22.73438310623169,3.425008535385132,False,0.0012479592591779609,1.0000001192092896,0.8704420924186707,0.0,4.903718256838575,0.5,1.0
raw-mean-control,20,2.9998855731656623e-05,21.126649737358093,13.397198677062988,13.151044368743896,33.18752098083496,24.770834922790527,2.949857473373413,False,0.0010570542553436607,1.0,0.7450487613677979,0.0,10.348614146398813,0.5,1.0
raw-mean-control,21,2.999796577534217e-05,21.141236186027527,13.454659938812256,12.531266212463379,35.50088691711426,23.078131675720215,3.4022908210754395,False,0.0011915398423276579,1.0,0.8790884613990784,0.0,7.193719404832075,0.5357142857142857,1.0
raw-mean-control,22,2.99968215845904e-05,20.950289368629456,12.28028154373169,12.619807243347168,33.218772888183594,25.68229579925537,2.5521914958953857,False,0.001094160099531296,1.0,0.5812252759933472,0.0,13.831714510824163,0.5357142857142857,1.0
raw-mean-control,23,2.9995423188496514e-05,20.334908723831177,13.183340072631836,12.453140258789062,33.02086067199707,22.68229389190674,42.59128952026367,True,0.0012821756193180458,0.9999999403953552,0.6518032550811768,0.0,168.63734623260999,0.4642857142857143,1.0
raw-mean-control,24,2.9993770622619783e-05,22.04816573858261,11.868743181228638,14.296878337860107,36.68849182128906,25.338549613952637,9.383380889892578,False,0.00147889647735187,1.000000238418579,0.7490333318710327,0.0,38.0719445071108,0.42857142857142855,1.0
raw-mean-control,25,2.9991863928982672e-05,22.11515700817108,13.230901718139648,14.442715167999268,35.62555122375488,25.161459922790527,2.2120702266693115,False,0.0014216883136608282,0.9999999403953552,0.8188554048538208,0.0,5.709350635304297,0.4642857142857143,1.0
raw-mean-control,26,2.998970315606976e-05,20.762508988380432,13.752489566802979,12.500012397766113,35.37565803527832,21.421875953674316,1.728760838508606,False,0.0012902289399734925,0.9999998807907104,0.8325638771057129,0.0,10.980635429452555,0.5714285714285714,1.0
raw-mean-control,27,2.998728835882651e-05,22.715192079544067,13.391986846923828,14.838546752929688,36.79168701171875,25.838547706604004,3.1082534790039062,False,0.0012413852191866554,1.0,0.6917304992675781,0.0,5.2252172585987875,0.5,1.0
raw-mean-control,28,2.9984619598657892e-05,19.82946079969406,11.265712022781372,12.458347797393799,33.40627479553223,22.187508583068848,2.4649581909179688,False,0.001237229513828955,1.0,0.9164073467254639,0.0,11.396762375061815,0.5357142857142857,1.0
raw-mean-control,29,2.9981696943426767e-05,20.761593282222748,11.759875535964966,12.187510967254639,33.48960494995117,25.609381675720215,3.400721311569214,False,0.001333174270053817,1.0,0.786989152431488,0.0,6.9838226989200365,0.5,1.0
raw-mean-control,30,2.997852046745222e-05,20.929153084754944,13.772780418395996,13.166681289672852,35.20944023132324,21.567710399627686,1.98659348487854,False,0.001353577480984694,0.9999999403953552,0.9613028168678284,0.0,3.7840267463879704,0.4642857142857143,1.0
raw-mean-control,31,2.9975090251507633e-05,21.458832025527954,13.547926902770996,12.473974227905273,35.303009033203125,24.510417938232422,3.7124404907226562,False,0.001456259774943994,1.0000001192092896,0.700162410736084,0.0,5.967906753281811,0.5357142857142857,1.0
raw-mean-control,32,2.9971406382818667e-05,22.73078143596649,13.417883396148682,14.901049137115479,36.88543701171875,25.718756198883057,5.179296016693115,False,0.0012317886603340144,0.9999999403953552,0.40580663084983826,0.0,38.95621497034404,0.5714285714285714,1.0
raw-mean-control,33,2.9967468955060995e-05,21.145591497421265,11.295877933502197,13.609378337860107,36.65626907348633,23.020840644836426,2.742924690246582,False,0.0012326373433994772,1.0000001192092896,0.8678654432296753,0.0,12.691730687352846,0.5714285714285714,1.0
raw-mean-control,34,2.996327806835797e-05,21.230379223823547,11.280857563018799,13.78125286102295,36.78127479553223,23.078131675720215,2.3175277709960938,False,0.0012325446432203302,1.0,0.8440493941307068,0.0,7.94336904875741,0.4642857142857143,1.0
raw-mean-control,35,2.9958833829278017e-05,21.716678142547607,13.652090072631836,13.156264305114746,35.37606430053711,24.68229389190674,2.8800911903381348,False,0.0010693411940256312,0.9999997615814209,0.9468764662742615,0.0,8.023968883849232,0.5,1.0
raw-mean-control,36,2.995413635083201e-05,21.366933703422546,12.394784927368164,12.458345890045166,37.8125114440918,22.80209255218506,2.52811861038208,False,0.0011385060949549663,1.0,0.9568476676940918,0.0,6.185440700607137,0.35714285714285715,1.0
raw-mean-control,37,2.9949185752470325e-05,20.808781445026398,12.209033727645874,12.62501573562622,33.29169464111328,25.109381675720215,4.966862201690674,False,0.0013154217573940951,0.9999998211860657,0.8057743906974792,0.0,19.707391571371527,0.5357142857142857,1.0
raw-mean-control,38,2.9943982160079822e-05,20.568088948726654,11.215038061141968,15.63542366027832,34.041683197021484,21.380210876464844,4.411844253540039,False,0.0014512433547760805,1.0000001192092896,0.920046865940094,0.0,8.252593586638488,0.42857142857142855,1.0
raw-mean-control,39,2.993852570598065e-05,21.003106117248535,13.735200881958008,12.11460018157959,35.355323791503906,22.807299613952637,2.5472397804260254,False,0.0014529289440035804,1.0000001192092896,0.7280481457710266,0.0,9.673596626322052,0.6071428571428571,1.0
raw-mean-control,40,2.9932816528922903e-05,21.845544457435608,13.830068588256836,13.645835876464844,36.54168891906738,23.36458444595337,2.1520726680755615,False,0.0014776656301871132,1.0000001192092896,0.6752393245697021,0.0,9.126929340270104,0.6071428571428571,1.0
raw-mean-control,41,2.992685477408305e-05,20.993707537651062,13.141449928283691,12.20314073562622,33.04169464111328,25.588544845581055,5.71959114074707,False,0.0015266314603888593,1.0000001192092896,0.3815864324569702,0.0,19.814882159047293,0.5714285714285714,1.0
raw-mean-control,42,2.9920640593060258e-05,20.673643946647644,12.897193908691406,12.22396993637085,35.60465621948242,21.9687557220459,4.685774803161621,False,0.0016244141754188867,1.0000001192092896,0.9203961491584778,0.0,17.608172448615896,0.42857142857142855,1.0
raw-mean-control,43,2.9914174143872566e-05,21.40184497833252,13.570883750915527,12.36459732055664,36.593767166137695,23.078131675720215,4.580168724060059,False,0.0017408685691524346,0.9999998807907104,0.9116239547729492,0.0,9.929487479574053,0.42857142857142855,1.0
raw-mean-control,44,2.9907455590952825e-05,21.819504857063293,13.585275650024414,14.979172229766846,33.23960876464844,25.473962783813477,1.7616573572158813,False,0.001596237955762273,0.9999999403953552,0.6414102911949158,0.0,15.534433079500417,0.5,1.0
raw-mean-control,45,2.990048510514454e-05,21.062947988510132,13.235225677490234,11.958348274230957,36.63633155822754,22.421886444091797,4.217507362365723,False,0.0016836387809601038,1.0000001192092896,0.909748375415802,0.0,12.40329884063487,0.5,1.0
raw-mean-control,46,2.9893262863697524e-05,22.434179306030273,13.496317863464355,15.364590644836426,35.46955490112305,25.406253814697266,2.3837194442749023,False,0.0016890296766420786,1.0,0.8388925790786743,0.0,4.475574882192777,0.5357142857142857,1.0
raw-mean-control,47,2.9885789050263383e-05,20.991326570510864,13.267351627349854,14.406260013580322,32.93752670288086,23.354167938232422,4.2415385246276855,False,0.001805265657823862,1.0000001192092896,0.807395339012146,0.0,11.015209110593009,0.4642857142857143,1.0
raw-mean-control,48,2.987806385489085e-05,20.397326350212097,13.104897499084473,12.776056289672852,34.354183197021484,21.35416841506958,4.804726600646973,False,0.0015837790328367576,1.0000001192092896,0.8427401781082153,0.0,15.213060841306055,0.4642857142857143,1.0
raw-mean-control,49,2.9870087474020964e-05,20.153886437416077,13.537389755249023,11.625015258789062,34.01043128967285,21.44270944595337,21.093067169189453,True,0.001465100827623375,1.0000001192092896,0.5716207027435303,0.0,97.4445618090947,0.42857142857142855,1.0
raw-mean-control,50,2.9861860110482048e-05,21.32326912879944,12.8915696144104,14.744801044464111,35.46920204162598,22.187503814697266,3.3917200565338135,False,0.0014308776123535267,1.0,0.9287799000740051,0.0,6.559717321252973,0.5,1.0
raw-mean-control,51,2.9853381973484574e-05,21.54857909679413,14.115633964538574,11.92711353302002,39.188026428222656,20.963542461395264,4.447010517120361,False,0.0014370763002324411,1.0,0.9416683912277222,0.0,9.539091278012341,0.2857142857142857,1.0
raw-mean-control,52,2.9844653278615835e-05,20.13951927423477,11.719482660293579,11.921900272369385,34.489601135253906,22.427093029022217,3.4881770610809326,False,0.0013816496333485936,1.0,0.8997102379798889,0.0,9.520423697771843,0.5,1.0
raw-mean-control,53,2.9835674247834466e-05,20.79576724767685,11.922608613967896,12.64585256576538,36.54168701171875,22.07292079925537,7.660531044006348,False,0.0011221408321774964,1.0,0.599784255027771,0.0,13.574802791779172,0.5,1.0
raw-mean-control,54,2.9826445109464805e-05,21.543643474578857,13.14688777923584,12.052103042602539,37.928701400756836,23.046881675720215,2.211801767349243,False,0.0010429956500252195,1.0000001192092896,0.49060308933258057,0.0,8.152117159768139,0.5,1.0
raw-mean-control,55,2.9816966098191057e-05,22.068166375160217,13.365661144256592,13.947926044464111,35.52157402038574,25.437504291534424,4.877438068389893,False,0.001171139217855946,1.0,0.9544284343719482,0.0,7.60494499832395,0.42857142857142855,1.0
raw-mean-control,56,2.9807237455051384e-05,22.22814404964447,13.376081466674805,14.906263828277588,36.72918701171875,23.90104389190674,3.5538887977600098,False,0.001193594527166931,0.9999999403953552,0.9430928230285645,0.0,9.170099852691,0.5,1.0
raw-mean-control,57,2.9797259427431705e-05,20.711418867111206,13.042491436004639,12.015640258789062,36.11566162109375,21.671882152557373,6.0774760246276855,False,0.0009008745511700446,1.0,-0.14084643125534058,0.0,45.42267308598911,0.5,1.0
raw-mean-control,58,2.978703226905946e-05,20.8874409198761,13.814698219299316,11.427101135253906,35.64649772644043,22.661466598510742,6.304810523986816,False,0.0011194876039305795,0.9999998807907104,0.828508734703064,0.0,12.23172618479621,0.4642857142857143,1.0
raw-mean-control,59,2.9776556239997145e-05,20.86129629611969,13.834859848022461,11.531266689300537,35.532175064086914,22.546883583068848,2.6361637115478516,False,0.00109159989721416,1.0000001192092896,0.8800368905067444,0.0,4.6235337219229775,0.5714285714285714,1.0
raw-mean-control,60,2.9765831606635676e-05,20.676491498947144,12.763232231140137,13.750003814697266,33.35418891906738,22.83854103088379,2.3099441528320312,False,0.0010227519212827473,1.0,0.6975416541099548,0.0,8.90587469761197,0.5714285714285714,1.0
raw-mean-control,61,2.975485864168765e-05,21.642423629760742,13.537821769714355,12.645838737487793,35.55269241333008,24.833341598510742,3.3564364910125732,False,0.0009319017492059156,1.0,0.41606688499450684,0.0,9.893801780566111,0.5357142857142857,1.0
raw-mean-control,62,2.974363762418038e-05,21.68546199798584,11.939740180969238,14.630213737487793,37.947927474975586,22.223966598510742,6.978060722351074,False,0.0010982982914868142,1.0,0.8802011609077454,0.0,12.621070709693207,0.39285714285714285,1.0
raw-mean-control,63,2.973216883944881e-05,20.537056922912598,13.69392204284668,11.817732810974121,35.07406997680664,21.56250286102295,5.1371660232543945,False,0.0012611365746463205,1.0,0.9402412176132202,0.0,7.46506498264741,0.42857142857142855,1.0
raw-mean-control,64,2.972045257912828e-05,21.257189750671387,13.24674129486084,12.500020027160645,35.55282783508301,23.729169845581055,5.891922473907471,False,0.001430785961985895,0.9999997615814209,0.9591374397277832,0.0,9.042343368630243,0.25,1.0
raw-mean-control,65,2.9708489141147082e-05,19.40270495414734,11.22535228729248,11.843772411346436,33.218772888183594,21.322922229766846,7.630321025848389,False,0.0014800025710788776,0.9999999403953552,0.6955536007881165,0.0,31.985519781380415,0.5,1.0
raw-mean-control,66,2.9696278829718878e-05,20.521395325660706,13.90845537185669,11.552098274230957,32.90627479553223,23.71875286102295,5.062041282653809,False,0.001560245475516737,0.9999998211860657,0.8942691683769226,0.0,6.433244258025234,0.35714285714285715,1.0
raw-mean-control,67,2.9683821955335006e-05,21.18290114402771,13.194239616394043,13.755212306976318,36.41756248474121,21.364590167999268,6.677371501922607,False,0.0016828674494122247,0.9999998807907104,0.9157812595367432,0.0,6.340205461733446,0.39285714285714285,1.0
raw-mean-control,68,2.9671118834756543e-05,22.34138250350952,13.865513801574707,13.734378814697266,37.989593505859375,23.77604389190674,5.050934314727783,False,0.0017786462564260666,0.9999999403953552,0.9827669262886047,0.0,5.036044778663153,0.2857142857142857,1.0
raw-mean-control,69,2.9658169791006273e-05,20.72184157371521,12.725170135498047,13.973968029022217,35.36530876159668,20.822919368743896,3.5654985904693604,False,0.0017575452695521455,1.0000001192092896,0.9450627565383911,0.0,4.980589406928387,0.5,1.0
raw-mean-control,70,2.964497515336046e-05,21.740022659301758,13.527763366699219,13.630212306976318,36.406272888183594,23.3958420753479,4.776544570922852,False,0.001811247097011263,1.0000001192092896,0.9295841455459595,0.0,7.820235107607788,0.39285714285714285,1.0
raw-mean-control,71,2.9631535257340486e-05,21.52691423892975,13.455330848693848,13.114585876464844,34.76168632507324,24.77605390548706,5.250612258911133,False,0.0018527552575254022,1.0,0.959032416343689,0.0,10.479815697922524,0.35714285714285715,1.0
raw-mean-control,72,2.9617850444704315e-05,21.47283113002777,13.380886554718018,13.463547706604004,37.697927474975586,21.348962783813477,5.09262752532959,False,0.001841996653888821,1.0,0.9679971933364868,0.0,5.260071037207486,0.42857142857142855,1.0
raw-mean-control,73,2.9603921063437794e-05,20.733701467514038,13.600299835205078,11.39585018157959,35.87614631652832,22.062509536743164,17.45633316040039,True,0.0016240237245600468,0.9999997615814209,0.16562610864639282,0.0,77.48963638952155,0.42857142857142855,1.0
raw-mean-control,74,2.9589747467745818e-05,21.129496812820435,13.735909461975098,11.687521934509277,35.30288505554199,23.79167079925537,4.198040962219238,False,0.0016393822659286315,1.0,0.8761732578277588,0.0,7.477145166155979,0.32142857142857145,1.0
raw-mean-control,75,2.9575330018043316e-05,20.902859330177307,13.350041389465332,13.90105390548706,35.08429718017578,21.276044845581055,2.588376045227051,False,0.001602407624503719,1.0,0.9080861806869507,0.0,3.4464850259934323,0.5714285714285714,1.0
raw-mean-control,76,2.9560669080946092e-05,19.94575607776642,13.26735258102417,11.666687488555908,33.9375114440918,20.9114727973938,2.999523401260376,False,0.0014700629841541367,1.0,0.8277904391288757,0.0,9.815474746158948,0.5357142857142857,1.0
raw-mean-control,77,2.9545765029261487e-05,19.823965430259705,11.030192375183105,14.276055335998535,32.572943687438965,21.416670322418213,5.091314792633057,False,0.0015287435397383952,1.0000001192092896,0.8716345429420471,0.0,9.115825472579637,0.5,1.0
raw-mean-control,78,2.9530618241978923e-05,21.5201176404953,13.006546020507812,12.885423183441162,34.88641357421875,25.302087783813477,2.8835346698760986,False,0.0015101664512257482,1.0,0.8844339847564697,0.0,8.103187777631302,0.5357142857142857,1.0
raw-mean-control,79,2.9515229104260233e-05,21.72586500644684,12.585072994232178,14.19793176651001,34.979820251464844,25.140635013580322,6.022322654724121,False,0.0014185031357280703,1.0000001192092896,0.8067981004714966,0.0,6.9242558632128395,0.42857142857142855,1.0
raw-mean-control,80,2.9499598007429908e-05,20.480862617492676,13.376542091369629,12.833340644836426,33.80209541320801,21.91147232055664,9.53736686706543,False,0.0016057334061227052,0.9999999403953552,0.8230974674224854,0.0,45.342943616021984,0.5,1.0
raw-mean-control,81,2.948372534896511e-05,20.503949761390686,11.191648483276367,13.43750524520874,36.209550857543945,21.17709445953369,4.530099868774414,False,0.0013833947076951456,0.9999999403953552,0.7765758633613586,0.0,8.717609201723372,0.5,1.0
raw-mean-control,82,2.9467611532485588e-05,21.15306794643402,13.152588367462158,11.770857810974121,34.9596471786499,24.729178428649902,2.634988784790039,False,0.0013224949930915385,1.0,0.8259900212287903,0.0,7.3616354945467375,0.5357142857142857,1.0
raw-mean-control,83,2.945125696774339e-05,21.446960866451263,12.240936994552612,12.609382629394531,36.072936058044434,24.864587783813477,10.254290580749512,True,0.001034715748451244,1.0000001192092896,0.9022226929664612,0.0,14.273138625422284,0.4642857142857143,1.0
raw-mean-control,84,2.9434662070612482e-05,19.196632742881775,11.656269550323486,11.531275749206543,32.406270027160645,21.192715644836426,3.7474875450134277,False,0.0010121475789033627,1.0000001192092896,0.6188082695007324,0.0,7.456511997673528,0.35714285714285715,1.0
raw-mean-control,85,2.9417827263078142e-05,20.348138332366943,14.162643909454346,11.55211353302002,34.52153778076172,21.15625810623169,7.875197410583496,False,0.0010181843847219122,1.0,0.8556678891181946,0.0,24.178329744742825,0.42857142857142855,1.0
raw-mean-control,86,2.940075297322622e-05,21.443223118782043,13.730709075927734,12.229174137115479,38.52133750915527,21.291671752929688,14.855932235717773,True,0.0007911917891851134,1.0000001192092896,0.8580386638641357,0.0,36.59140851935935,0.35714285714285715,1.0
raw-mean-control,87,2.938343963523229e-05,20.483811140060425,13.912993907928467,11.43233346939087,35.72011184692383,20.869805335998535,13.709823608398438,True,0.0008394627500183744,1.0,-0.16188126802444458,0.0,27.482231269579568,0.5714285714285714,1.0
raw-mean-control,88,2.9365887689350595e-05,20.827216148376465,13.746301651000977,11.505229473114014,36.38544273376465,21.67189073562622,5.395394802093506,False,0.0007610935008023819,0.9999998807907104,0.6602103114128113,0.0,17.85958913814918,0.5,1.0
raw-mean-control,89,2.9348097581902822e-05,20.299983024597168,13.761370658874512,11.302102088928223,34.88645553588867,21.250003814697266,3.222623586654663,False,0.0007720519580291915,1.0000001192092896,0.5515341758728027,0.0,17.217945795730895,0.4642857142857143,1.0
raw-mean-control,90,2.933006976526679e-05,20.66952347755432,13.896781921386719,13.760443210601807,32.25003528594971,22.770833492279053,5.774349212646484,False,0.000838909431267213,1.0,0.8486531376838684,0.0,14.384382541172101,0.42857142857142855,1.0
raw-mean-control,91,2.9311804697864947e-05,21.017513632774353,13.66771125793457,12.60938024520874,34.36587619781494,23.42708683013916,6.321940898895264,False,0.0008997264524503378,0.9999999403953552,0.9472755789756775,0.0,10.238201407850621,0.5,1.0
raw-mean-control,92,2.9293302844152674e-05,20.70784842967987,12.762374877929688,12.005245208740234,34.647104263305664,23.416669368743896,4.453211307525635,False,0.0009208934775910867,0.9999998807907104,0.9279976487159729,0.0,6.299410661640964,0.35714285714285715,1.0
raw-mean-control,93,2.9274564674606523e-05,20.6719092130661,12.145932674407959,11.562520027160645,34.07292938232422,24.906254768371582,3.5694072246551514,False,0.0008181355038500666,0.9999999403953552,0.8072218894958496,0.0,12.00748440692257,0.5714285714285714,1.0
raw-mean-control,94,2.9255590665712213e-05,20.38446307182312,13.683625221252441,11.458365440368652,32.968772888183594,23.427088737487793,3.3619964122772217,False,0.0007549473367604501,1.0000001192092896,0.816612184047699,0.0,6.110475337268899,0.4642857142857143,1.0
raw-mean-control,95,2.923638129995254e-05,21.40290868282318,13.850497245788574,12.020854949951172,35.03194046020508,24.7083420753479,3.2076873779296875,False,0.0006899167697537314,1.000000238418579,0.546546995639801,0.0,9.728020924754745,0.42857142857142855,1.0
raw-mean-control,96,2.9216937065795103e-05,20.03616774082184,11.175880908966064,13.963565826416016,34.072927474975586,20.932296752929688,5.752913475036621,False,0.0007250600560375474,1.0,0.8453916311264038,0.0,19.78385583297346,0.4642857142857143,1.0
raw-mean-control,97,2.919725845767987e-05,21.641266107559204,13.501954078674316,13.588561058044434,38.59433174133301,20.88021755218506,4.48039436340332,False,0.0007275384291788701,0.9999999403953552,0.8689338564872742,0.0,12.529297223852891,0.5,1.0
raw-mean-control,98,2.9177345976006628e-05,21.070709824562073,13.595273494720459,14.505231857299805,32.562533378601074,23.619800567626953,7.763625144958496,False,0.0008130947117185078,1.0,0.811043381690979,0.0,17.824108605367435,0.4642857142857143,1.0
raw-mean-control,99,2.9157200127122236e-05,20.221980810165405,13.902398109436035,11.031274795532227,34.61570453643799,21.33854579925537,2.8455331325531006,False,0.0008134665586024769,1.0,0.7257341146469116,0.0,10.408445637238085,0.5357142857142857,1.0
raw-mean-control,100,2.913682142330775e-05,21.64618408679962,11.678441524505615,14.552101135253906,36.36460876464844,23.989584922790527,2.9230358600616455,False,0.0007481167967237545,0.9999998807907104,0.8617717027664185,0.0,9.79342441414255,0.5,1.0
raw-mean-control,101,2.911621038276542e-05,21.788469314575195,13.251729011535645,14.677097797393799,34.94900703430176,24.27604341506958,5.824230194091797,False,0.0007874190005829033,1.0,0.7522090673446655,0.0,23.237890339085475,0.5714285714285714,1.0
raw-mean-control,102,2.909536752960549e-05,20.540670037269592,13.615766048431396,11.020857810974121,34.02084541320801,23.505210876464844,5.8609161376953125,False,0.000798853412623899,1.0,0.9617513418197632,0.0,7.897332994470043,0.25,1.0
raw-mean-control,103,2.9074293393832876e-05,21.25318956375122,13.241114616394043,11.958356857299805,35.00078201293945,24.812504768371582,3.6130998134613037,False,0.0007816022718449048,1.0000001192092896,0.7544598579406738,0.0,23.696043119579222,0.4642857142857143,1.0
raw-mean-control,104,2.90529885113337e-05,21.802355408668518,13.219797134399414,14.036476612091064,36.58335494995117,23.369792938232422,7.662921905517578,False,0.0007769547652194396,1.0,0.9177036881446838,0.0,13.746836257775032,0.5,1.0
raw-mean-control,105,2.9031453423861642e-05,20.081132888793945,12.568783283233643,11.666685104370117,35.13592338562012,20.953139781951904,5.546751499176025,False,0.0008292417219200454,1.0,0.9459662437438965,0.0,9.427575447969485,0.42857142857142855,1.0
raw-mean-control,106,2.9009688679024187e-05,20.054534792900085,12.124346733093262,12.5833420753479,33.84377098083496,21.66667938232422,4.870228290557861,False,0.0008438633456539249,0.9999998807907104,0.3600939214229584,0.0,16.557123353411555,0.5,1.0
raw-mean-control,107,2.8987694830268685e-05,19.984882593154907,12.68945837020874,11.307342529296875,32.67710208892822,23.26562738418579,8.496191024780273,False,0.0009894624221002545,0.9999998807907104,0.5466980934143066,0.0,16.443789648238447,0.5714285714285714,1.0
raw-mean-control,108,2.8965472436868284e-05,19.644928216934204,13.465071201324463,11.43752908706665,32.708356857299805,20.9687557220459,4.304636001586914,False,0.0008982455051202681,0.9999999403953552,0.904673159122467,0.0,6.5956050672362645,0.5357142857142857,1.0
raw-mean-control,109,2.894302206390769e-05,21.75103509426117,13.825737953186035,13.145843982696533,35.90755653381348,24.125001907348633,8.303772926330566,False,0.0009601852477860397,1.0000003576278687,0.6142200827598572,0.0,20.497917661821496,0.5,1.0
raw-mean-control,110,2.8920344282268846e-05,20.73152130842209,11.592729806900024,13.34375810623169,33.91667938232422,24.072917938232422,4.78752326965332,False,0.001007390202519288,1.0,0.7862841486930847,0.0,15.33832902296406,0.5357142857142857,1.0
raw-mean-control,111,2.8897439668616345e-05,21.367846250534058,13.475497245788574,14.09898853302002,36.31354904174805,21.58335018157959,4.920924663543701,False,0.0010758206092252155,1.0,0.9802496433258057,0.0,4.546189753122638,0.42857142857142855,1.0
raw-mean-control,112,2.8874308805382837e-05,21.65790092945099,13.282602787017822,14.453143119812012,36.385440826416016,22.510416984558105,2.413952589035034,False,0.0010395932419025285,1.0,0.6847755908966064,0.0,7.9945533539345,0.6071428571428571,1.0
raw-mean-control,113,2.8850952280754167e-05,21.93148374557495,13.646880149841309,13.937524795532227,35.28213882446289,24.85939121246338,3.4745724201202393,False,0.0009669245915842151,1.0,0.7742100358009338,0.0,16.382206071330277,0.4642857142857143,1.0
raw-mean-control,114,2.8827370688654434e-05,20.14004099369049,12.169485569000244,11.427103996276855,35.92710304260254,21.036471366882324,3.9311721324920654,False,0.0009593163857178056,0.9999999403953552,0.9614204168319702,0.0,3.983921113421011,0.39285714285714285,1.0
raw-mean-control,115,2.880356462873091e-05,21.43429970741272,13.011754035949707,13.812530517578125,35.678537368774414,23.234376907348633,2.9926774501800537,False,0.0009183058934586925,1.0000001192092896,0.6866228580474854,0.0,8.250261995644362,0.5,1.0
raw-mean-control,116,2.8779534706338766e-05,20.410548329353333,13.397368431091309,13.838562488555908,33.822927474975586,20.583334922790527,5.188546180725098,False,0.0009853750197335843,0.9999998807907104,0.9515954852104187,0.0,8.306667605801175,0.42857142857142855,1.0
raw-mean-control,117,2.875528153252567e-05,19.426183938980103,12.69423770904541,11.14586067199707,32.43753623962402,21.427101135253906,3.065127372741699,False,0.0009521733266349169,0.9999997615814209,0.9474554657936096,0.0,4.312312597651032,0.5357142857142857,1.0
raw-mean-control,118,2.8730805724016292e-05,21.409128785133362,13.141672134399414,13.890649318695068,36.26044273376465,22.343750953674316,3.1410202980041504,False,0.0008457374999328019,1.0,0.5493640303611755,0.0,10.591055490001033,0.5357142857142857,1.0
raw-mean-control,119,2.8706107903196563e-05,19.649430334568024,11.60736346244812,10.791706562042236,34.771549224853516,21.427102088928223,4.475736141204834,False,0.0008142394849795299,0.9999999403953552,0.6664631366729736,0.0,8.820333530480633,0.5714285714285714,1.0
raw-mean-control,120,2.868118869809791e-05,21.51523268222809,12.616801738739014,13.817743301391602,34.970123291015625,24.656262397766113,2.5939955711364746,False,0.000787051098799702,0.9999998807907104,0.8394203782081604,0.0,7.142208027749704,0.5357142857142857,1.0
raw-mean-control,121,2.8656048742381237e-05,21.358793258666992,13.356130123138428,12.286465167999268,38.375898361206055,21.41667938232422,4.633306980133057,False,0.000763779424040149,1.0000001192092896,0.67002272605896,0.0,11.919660197228662,0.42857142857142855,1.0
raw-mean-control,122,2.863068867532084e-05,20.187999963760376,12.512380599975586,13.828149795532227,33.958343505859375,20.453125953674316,7.483933448791504,False,0.0006563144502120643,1.0000001192092896,0.7357231974601746,0.0,18.702164296149043,0.6071428571428571,1.0
raw-mean-control,123,2.8605109141788138e-05,19.910550475120544,13.80880069732666,11.260461330413818,33.739601135253906,20.833338737487793,45.730072021484375,True,0.0006894990949249314,1.0,0.42273885011672974,0.0,182.35948725576375,0.5714285714285714,1.0
raw-mean-control,124,2.857931079223527e-05,21.38861584663391,13.871518611907959,13.046885967254639,38.3964729309082,20.239585876464844,3.0923378467559814,False,0.0006548728075186735,0.9999999403953552,0.8954246044158936,0.0,6.469821510340924,0.5714285714285714,1.0
raw-mean-control,125,2.8553294282678578e-05,19.55177342891693,11.102116107940674,11.166730403900146,34.906986236572266,21.03126096725464,7.937537670135498,False,0.0007527283455387376,0.9999998807907104,0.8602120876312256,0.0,15.172481445774318,0.5,1.0
raw-mean-control,126,2.8527060274681913e-05,19.558908462524414,13.141808032989502,11.364610195159912,32.45836639404297,21.270849227905273,5.471843242645264,False,0.0007227159689189703,1.0,0.9532609581947327,0.0,9.709033543647832,0.39285714285714285,1.0
raw-mean-control,127,2.8500609435339794e-05,20.50598108768463,13.381743907928467,13.312536239624023,34.36609745025635,20.963546752929688,6.702663898468018,False,0.0007003436839723811,0.9999999403953552,0.6729719638824463,0.0,9.999175938337212,0.5357142857142857,1.0
raw-mean-control,128,2.847394243726047e-05,20.404398679733276,12.585069179534912,12.671882629394531,34.57417297363281,21.78646993637085,7.390760898590088,False,0.0007187245759775642,0.9999999403953552,0.9548580646514893,0.0,7.069665488697413,0.42857142857142855,1.0
unit-balanced-norm-matched,1,1e-05,21.024068474769592,13.835819244384766,12.473971843719482,33.26043891906738,24.52604389190674,3.175675868988037,False,0.00036225368051817137,0.8967180848121643,0.8967180848121643,7.507648991378346e-08,17.227585199020123,0.42857142857142855,1.0
unit-balanced-norm-matched,2,1.1333333333333334e-05,21.307676792144775,13.892140865325928,13.145836353302002,34.26043510437012,23.932294845581055,2.4450972080230713,False,0.0005596929073253458,0.8797481656074524,0.8797481656074524,0.0,16.421404396471043,0.39285714285714285,1.0
unit-balanced-norm-matched,3,1.2666666666666667e-05,21.60038584470749,11.729224443435669,13.166680812835693,39.646257400512695,21.8593807220459,1.4357062578201294,False,0.0005205196613709835,0.8332263231277466,0.8332263231277466,0.0,10.699158065770044,0.5357142857142857,1.0
unit-balanced-norm-matched,4,1.4000000000000001e-05,22.678938150405884,13.449653625488281,14.895841598510742,39.59420967102051,22.776047706604004,2.166717052459717,False,0.0005540557993009485,0.9353721737861633,0.9353721737861633,0.0,4.432976020060889,0.5714285714285714,1.0
unit-balanced-norm-matched,5,1.5333333333333334e-05,21.577604293823242,13.507156372070312,14.40105152130127,35.43865776062012,22.96355152130127,1.9913568496704102,False,0.0006146495065263419,0.633167028427124,0.633167028427124,0.0,15.990892397776172,0.42857142857142855,1.0
unit-balanced-norm-matched,6,1.6666666666666667e-05,21.008443236351013,13.570196628570557,15.078130722045898,33.11460876464844,22.27083683013916,4.9145426750183105,False,0.0006998030417592049,0.626549243927002,0.626549243927002,9.70257343357872e-08,16.252502012560946,0.4642857142857143,1.0
unit-balanced-norm-matched,7,1.8e-05,21.785797119140625,12.725496292114258,14.20833683013916,35.292686462402344,24.91666889190674,3.324230909347534,False,0.000762140928372636,0.9701599478721619,0.9701599478721619,7.172142024725048e-08,9.449158579013838,0.35714285714285715,1.0
unit-balanced-norm-matched,8,1.9333333333333333e-05,21.49797523021698,13.198992252349854,12.375015258789062,35.08455276489258,25.333340644836426,1.860443115234375,False,0.0008256694529161333,0.7806895971298218,0.7806895971298218,1.28151509848351e-07,15.995991069515082,0.5357142857142857,1.0
unit-balanced-norm-matched,9,2.0666666666666666e-05,22.197004795074463,13.241117477416992,13.109389305114746,38.031259536743164,24.40625286102295,1.8455923795700073,False,0.0007998460414307472,0.8760495781898499,0.8760495781898499,1.2918266834027747e-07,12.347606958394852,0.5,1.0
unit-balanced-norm-matched,10,2.2e-05,20.76227831840515,13.23137092590332,12.296889305114746,34.29168128967285,23.229171752929688,3.0610272884368896,False,0.0009340044041749296,0.9279918670654297,0.9279918670654297,7.788841394074097e-08,14.114380745133651,0.5,1.0
unit-balanced-norm-matched,11,2.3333333333333332e-05,20.847102880477905,13.283205032348633,11.92709732055664,35.105186462402344,23.072922706604004,3.5576891899108887,False,0.001066911310251727,0.9398263692855835,0.9398263692855835,0.0,13.5953092418342,0.2857142857142857,1.0
unit-balanced-norm-matched,12,2.4666666666666665e-05,21.977190852165222,13.481653690338135,13.776044845581055,36.84376907348633,23.80729579925537,2.276897668838501,False,0.001025614110966329,0.8945756554603577,0.8945756554603577,0.0,5.459916142727181,0.5357142857142857,1.0
unit-balanced-norm-matched,13,2.6000000000000002e-05,20.845648646354675,12.116941452026367,13.119794845581055,33.250022888183594,24.895835399627686,3.738499164581299,False,0.0011530411104672099,0.9673649668693542,0.9673649668693542,0.0,13.489415569513067,0.4642857142857143,1.0
unit-balanced-norm-matched,14,2.733333333333333e-05,21.624195098876953,12.762377262115479,15.359379768371582,34.427101135253906,23.947922229766846,9.494604110717773,False,0.001233391667304394,0.8861852288246155,0.8861852288246155,0.0,70.0289071253748,0.35714285714285715,1.0
unit-balanced-norm-matched,15,2.8666666666666668e-05,21.614765644073486,11.93820333480835,14.276044368743896,34.541683197021484,25.703131675720215,4.092041492462158,False,0.001358729238882648,0.9710824489593506,0.9710824489593506,0.0,13.505725853238525,0.32142857142857145,1.0
unit-balanced-norm-matched,16,2.9999999999999997e-05,22.794625282287598,13.209287643432617,13.036473751068115,39.25044250488281,25.682297229766846,3.7657322883605957,False,0.001434697319131762,0.966968834400177,0.966968834400177,6.331266955150738e-08,7.8193976575993736,0.25,1.0
unit-balanced-norm-matched,17,2.9999999999999997e-05,21.435451865196228,13.720955848693848,13.432295322418213,34.32292938232422,24.265626907348633,1.6075422763824463,False,0.001454937849150011,0.8431079983711243,0.8431079983711243,0.0,6.855254106167262,0.5357142857142857,1.0
unit-balanced-norm-matched,18,2.9999872856917585e-05,20.408889830112457,11.29178500175476,14.333336353302002,34.10418510437012,21.90625286102295,6.014865875244141,False,0.001537255189077894,0.8976854085922241,0.8976854085922241,7.927644074534612e-08,10.07946941786764,0.42857142857142855,1.0
unit-balanced-norm-matched,19,2.999949143090342e-05,20.57848036289215,11.272225856781006,13.65625286102295,34.562517166137695,22.822925567626953,3.7849903106689453,False,0.0016046873616173717,0.9266128540039062,0.9266128540039062,0.0,13.745927329865927,0.4642857142857143,1.0
unit-balanced-norm-matched,20,2.9998855731656623e-05,21.23468554019928,13.40225887298584,13.526043891906738,33.16668701171875,24.84375238418579,3.196230173110962,False,0.001625994549171748,0.8556612133979797,0.8556612133979797,0.0,10.686211989518647,0.4642857142857143,1.0
unit-balanced-norm-matched,21,2.999796577534217e-05,21.034470558166504,13.397194862365723,12.47397518157959,35.198997497558594,23.06771469116211,5.275786399841309,False,0.001709064242982936,0.9313399791717529,0.9313399791717529,9.038220372126204e-08,10.262860520001508,0.25,1.0
unit-balanced-norm-matched,22,2.99968215845904e-05,20.99873799085617,12.07303500175476,12.593764305114746,33.489606857299805,25.83854579925537,5.052598476409912,False,0.001746717751102079,0.8449807167053223,0.8449807167053223,9.437463921457834e-08,7.075694238894292,0.4642857142857143,1.0
unit-balanced-norm-matched,23,2.9995423188496514e-05,20.2698757648468,13.183629989624023,12.375012874603271,33.260440826416016,22.260419368743896,2.4171736240386963,False,0.0017558834088281892,0.8075087666511536,0.8075087666511536,0.0,7.186842570264255,0.4642857142857143,1.0
unit-balanced-norm-matched,24,2.9993770622619783e-05,22.010587513446808,11.739224195480347,14.255210876464844,36.54269981384277,25.505215167999268,1.9629428386688232,False,0.0017374672033343812,0.653528094291687,0.653528094291687,0.0,13.942681165538788,0.5357142857142857,1.0
unit-balanced-norm-matched,25,2.9991863928982672e-05,22.168477177619934,13.220293045043945,14.640631198883057,36.01089859008789,24.802085876464844,2.89797043800354,False,0.0016015538139579183,0.801680862903595,0.801680862903595,0.0,8.815919069481247,0.4642857142857143,1.0
unit-balanced-norm-matched,26,2.998970315606976e-05,20.857449889183044,13.78345012664795,12.432308197021484,35.740081787109375,21.47395944595337,2.7390267848968506,False,0.0016564979235850516,0.9357454776763916,0.9357454776763916,0.0,8.090131648651708,0.5357142857142857,1.0
unit-balanced-norm-matched,27,2.998728835882651e-05,22.685243487358093,13.41802453994751,14.911465644836426,36.71876907348633,25.69271469116211,4.074808597564697,False,0.001493630682397696,0.7086242437362671,0.7086242437362671,0.0,13.70227776137842,0.42857142857142855,1.0
unit-balanced-norm-matched,28,2.9984619598657892e-05,19.715214252471924,11.261842727661133,12.4010648727417,32.95836067199707,22.239588737487793,3.006441593170166,False,0.0015471654259955657,0.32495415210723877,0.32495415210723877,0.0,9.724451613478216,0.4642857142857143,1.0
unit-balanced-norm-matched,29,2.9981696943426767e-05,20.496297895908356,11.776811838150024,11.906262874603271,33.02086067199707,25.281256198883057,3.6565587520599365,False,0.0016339407590748984,0.9371514916419983,0.9371514916419983,0.0,6.193295633866653,0.6071428571428571,1.0
unit-balanced-norm-matched,30,2.997852046745222e-05,20.9682480096817,13.856370449066162,13.213555335998535,35.3134822845459,21.48958396911621,2.409055471420288,False,0.0015193283956127998,0.7215235829353333,0.7215235829353333,0.0,5.943821759213121,0.5714285714285714,1.0
unit-balanced-norm-matched,31,2.9975090251507633e-05,21.48628520965576,13.709845542907715,12.437515258789062,35.42798614501953,24.36979389190674,2.9482264518737793,False,0.0014124346114524353,0.8003854155540466,0.8003854155540466,8.086848213295639e-08,3.9427109245222667,0.5714285714285714,1.0
unit-balanced-norm-matched,32,2.9971406382818667e-05,22.465238094329834,13.355703353881836,14.744799613952637,36.63544273376465,25.125006675720215,3.317399263381958,False,0.0014806465241853568,0.9613592624664307,0.9613592624664307,7.18691239853797e-08,5.374350899147318,0.4642857142857143,1.0
unit-balanced-norm-matched,33,2.9967468955060995e-05,21.20978832244873,11.391210079193115,13.755211353302002,36.63543510437012,23.057296752929688,3.2155983448028564,False,0.0015424870660879816,0.6682482957839966,0.6682482957839966,0.0,17.67039542258211,0.42857142857142855,1.0
unit-balanced-norm-matched,34,2.996327806835797e-05,21.11737984418869,11.297610521316528,13.541670799255371,36.91668891906738,22.71354913711548,2.1763041019439697,False,0.0015254972268637966,0.7760463356971741,0.7760463356971741,0.0,8.937275831365245,0.5714285714285714,1.0
unit-balanced-norm-matched,35,2.9958833829278017e-05,21.55522060394287,13.573966026306152,13.031267166137695,35.3864803314209,24.22916889190674,3.5345282554626465,False,0.0016421244461870834,0.9232944250106812,0.9232944250106812,0.0,14.29190254479386,0.42857142857142855,1.0
unit-balanced-norm-matched,36,2.995413635083201e-05,21.367377758026123,12.214273452758789,12.307304382324219,37.7812614440918,23.166671752929688,7.734012126922607,False,0.0015393152159148707,0.04252348840236664,0.04252348840236664,1.23309146449202e-07,29.248956437442864,0.39285714285714285,1.0
unit-balanced-norm-matched,37,2.9949185752470325e-05,20.845240890979767,12.266326665878296,12.552102088928223,33.291696548461914,25.270838260650635,5.109668254852295,False,0.0016807993975853854,0.8821823000907898,0.8821823000907898,9.33205794861891e-08,6.396732382387534,0.4642857142857143,1.0
unit-balanced-norm-matched,38,2.9943982160079822e-05,20.631717443466187,11.209136486053467,15.447925567626953,34.37501525878906,21.494792461395264,4.020859241485596,False,0.0016336520098636648,0.9214676022529602,0.9214676022529602,0.0,20.537849834543657,0.4642857142857143,1.0
unit-balanced-norm-matched,39,2.993852570598065e-05,21.148874521255493,13.829053401947021,12.239596843719482,35.56330108642578,22.963546752929688,3.0486361980438232,False,0.0016350853067913355,0.6026369333267212,0.6026369333267212,7.820499514643586e-08,7.180533416929798,0.5714285714285714,1.0
unit-balanced-norm-matched,40,2.9932816528922903e-05,21.83779537677765,13.825116157531738,13.489585399627686,36.88543701171875,23.151042938232422,4.954614639282227,False,0.0016020575618691734,0.9253852367401123,0.9253852367401123,0.0,8.865377936783823,0.39285714285714285,1.0
unit-balanced-norm-matched,41,2.992685477408305e-05,21.018473029136658,13.198845863342285,12.19793176651001,32.88544273376465,25.791671752929688,4.422621250152588,False,0.001688522150046279,0.8998008370399475,0.8998008370399475,1.0781778114754559e-07,8.691880738498009,0.35714285714285715,1.0
unit-balanced-norm-matched,42,2.9920640593060258e-05,20.492661595344543,12.897034645080566,11.781266689300537,35.38608932495117,21.9062557220459,5.359294891357422,False,0.0017860269500308207,0.8021667003631592,0.8021667003631592,0.0,7.8679190589046675,0.4642857142857143,1.0
unit-balanced-norm-matched,43,2.9914174143872566e-05,21.27508819103241,13.475308418273926,12.208347797393799,36.70835494995117,22.708341598510742,3.0495071411132812,False,0.00167863990676349,0.9492578506469727,0.9492578506469727,0.0,5.085578991788056,0.5,1.0
unit-balanced-norm-matched,44,2.9907455590952825e-05,21.66697657108307,13.44390869140625,14.666676044464111,33.15627670288086,25.401044845581055,2.182178258895874,False,0.0015733329172827823,0.6765598058700562,0.6765598058700562,0.0,6.920424113132396,0.5,1.0
unit-balanced-norm-matched,45,2.990048510514454e-05,20.99035394191742,13.241539001464844,11.739599704742432,36.5948486328125,22.385428428649902,3.5745105743408203,False,0.001664077079693524,0.9126715660095215,0.9126715660095215,0.0,4.223842992551477,0.6071428571428571,1.0
unit-balanced-norm-matched,46,2.9893262863697524e-05,22.544936060905457,13.47047233581543,15.3333420753479,35.615509033203125,25.76042079925537,2.99782395362854,False,0.0015759223552154796,0.7777223587036133,0.7777223587036133,0.0,12.888014165762266,0.5714285714285714,1.0
unit-balanced-norm-matched,47,2.9885789050263383e-05,21.03708803653717,13.413942337036133,14.093760967254639,33.437522888183594,23.203125953674316,7.537198066711426,False,0.0017363511949891092,0.9660645127296448,0.9660645127296448,0.0,9.709897784876462,0.32142857142857145,1.0
unit-balanced-norm-matched,48,2.987806385489085e-05,20.300995707511902,13.131031036376953,12.46876573562622,34.44793510437012,21.156250953674316,2.646383762359619,False,0.001714028886843573,0.9447746276855469,0.9447746276855469,0.0,5.14819274499846,0.42857142857142855,1.0
unit-balanced-norm-matched,49,2.9870087474020964e-05,20.187804341316223,13.620976448059082,11.364601612091064,34.37501335144043,21.390625953674316,6.6919755935668945,False,0.0018549916042534748,0.9734907150268555,0.9734907150268555,7.125507051064517e-08,7.648506019946206,0.2857142857142857,1.0
unit-balanced-norm-matched,50,2.9861860110482048e-05,21.228361129760742,12.834866523742676,14.317723274230957,35.59418487548828,22.166669845581055,2.7028093338012695,False,0.0018473424289865163,0.9706004858016968,0.9706004858016968,0.0,4.134497517831463,0.5357142857142857,1.0
unit-balanced-norm-matched,51,2.9853381973484574e-05,21.668360233306885,14.27708911895752,11.812527656555176,39.28173828125,21.302085876464844,5.127810478210449,False,0.0019057643236859297,0.8822364807128906,0.8822364807128906,0.0,11.430744393369954,0.32142857142857145,1.0
unit-balanced-norm-matched,52,2.9844653278615835e-05,19.995597302913666,11.612533807754517,11.58857774734497,34.427101135253906,22.35417652130127,3.785935401916504,False,0.0017933871741127,0.7129074335098267,0.7129074335098267,6.297481824901752e-08,42.55956293764904,0.5714285714285714,1.0
unit-balanced-norm-matched,53,2.9835674247834466e-05,20.61495292186737,11.918092250823975,12.234405040740967,36.63543510437012,21.671879291534424,4.538543701171875,False,0.0018854825925640002,0.9738460183143616,0.9738460183143616,1.0506390146769462e-07,4.336276822112459,0.5714285714285714,1.0
unit-balanced-norm-matched,54,2.9826445109464805e-05,21.27143967151642,13.053014755249023,11.770861625671387,37.88687515258789,22.375007152557373,5.068245887756348,False,0.001964864900084812,0.9389879703521729,0.9389879703521729,9.408326351323382e-08,3.339431588895806,0.42857142857142855,1.0
unit-balanced-norm-matched,55,2.9816966098191057e-05,22.00699758529663,13.490942001342773,13.838554382324219,35.53182411193848,25.166669845581055,5.912214279174805,False,0.0019699986827017065,0.8263925909996033,0.8263925909996033,0.0,9.137872358273611,0.5,1.0
unit-balanced-norm-matched,56,2.9807237455051384e-05,22.221630215644836,13.475027084350586,14.817720890045166,36.84377098083496,23.750001907348633,6.6429219245910645,False,0.0020803502078981695,0.9398626089096069,0.9398626089096069,0.0,9.327242289802872,0.5,1.0
unit-balanced-norm-matched,57,2.9797259427431705e-05,20.57472038269043,13.094799518585205,11.625016689300537,36.125932693481445,21.45313262939453,10.1548433303833,True,0.002246298981124111,0.9767113924026489,0.9767113924026489,9.391323885221681e-08,9.44850301991628,0.32142857142857145,1.0
unit-balanced-norm-matched,58,2.978703226905946e-05,20.852124571800232,13.944426536560059,11.510433673858643,35.531755447387695,22.42188262939453,8.456730842590332,False,0.002352913928211632,0.9585623741149902,0.9585623741149902,0.0,12.556419738630645,0.5357142857142857,1.0
unit-balanced-norm-matched,59,2.9776556239997145e-05,20.60754942893982,13.86157512664795,11.36460018157959,34.907142639160156,22.296879768371582,3.701068639755249,False,0.002235682519338261,0.7667933702468872,0.7667933702468872,6.441884825569844e-08,4.838570583934692,0.5,1.0
unit-balanced-norm-matched,60,2.9765831606635676e-05,20.4172260761261,12.757413864135742,13.411463737487793,32.552109718322754,22.947916984558105,21.631803512573242,True,0.0017038806726927195,0.9284553527832031,0.9284553527832031,0.0,39.20539042440672,0.5357142857142857,1.0
unit-balanced-norm-matched,61,2.975485864168765e-05,21.45610737800598,13.4643874168396,12.520838737487793,35.1152286529541,24.72397470474243,5.910318374633789,False,0.0016020206191899916,0.8190903663635254,0.8190903663635254,0.0,7.65302153303539,0.5357142857142857,1.0
unit-balanced-norm-matched,62,2.974363762418038e-05,21.404232144355774,11.70543909072876,14.223970413208008,37.291677474975586,22.395841598510742,7.962388515472412,False,0.001646769056065649,0.8140514492988586,0.8140514492988586,5.988619955488161e-08,10.763139357797495,0.4642857142857143,1.0
unit-balanced-norm-matched,63,2.973216883944881e-05,20.316921830177307,13.714492797851562,11.484419822692871,34.60522937774658,21.463545322418213,9.910285949707031,False,0.001815156571229513,0.9525372982025146,0.9525372982025146,0.0,14.610566963313147,0.5,1.0
unit-balanced-norm-matched,64,2.972045257912828e-05,21.014784574508667,13.152247428894043,12.015673637390137,35.21933937072754,23.67187786102295,15.508761405944824,True,0.001946725674518434,0.6349124908447266,0.6349124908447266,6.149262010701761e-08,40.46317831270382,0.6071428571428571,1.0
unit-balanced-norm-matched,65,2.9708489141147082e-05,18.988331854343414,11.026182413101196,11.692734718322754,31.916696548461914,21.317713737487793,13.882899284362793,True,0.0016020332818385257,0.9605724215507507,0.9605724215507507,6.869417057409066e-08,21.05679720178173,0.39285714285714285,1.0
unit-balanced-norm-matched,66,2.9696278829718878e-05,20.174878120422363,13.720293998718262,10.979189395904541,32.21877670288086,23.78125238418579,5.816638469696045,False,0.001654258576472447,0.5561819076538086,0.5561819076538086,8.197812562116269e-08,25.41221041077793,0.5357142857142857,1.0
unit-balanced-norm-matched,67,2.9683821955335006e-05,21.03190767765045,13.262143611907959,13.437505722045898,36.26131248474121,21.16666889190674,11.52987003326416,True,0.0017720623303978545,0.9130034446716309,0.9130034446716309,0.0,14.446892021084484,0.03571428571428571,1.0
unit-balanced-norm-matched,68,2.9671118834756543e-05,22.113619804382324,13.91800308227539,13.343755722045898,37.218759536743164,23.973960876464844,19.72925567626953,True,0.0019140367437022814,0.9581535458564758,0.9581535458564758,0.0,16.668148165645192,0.42857142857142855,1.0
unit-balanced-norm-matched,69,2.9658169791006273e-05,20.38730037212372,12.600703239440918,13.61460542678833,34.6047248840332,20.729167938232422,4.8995442390441895,False,0.0017398481684126985,0.688429594039917,0.688429594039917,0.0,9.87035174866434,0.5,1.0
unit-balanced-norm-matched,70,2.964497515336046e-05,21.589040994644165,13.345707893371582,13.29167366027832,36.427106857299805,23.291675567626953,40.56702423095703,True,0.0018397951832393386,0.5514750480651855,0.5514750480651855,0.0,80.95779778360934,0.5357142857142857,1.0
unit-balanced-norm-matched,71,2.9631535257340486e-05,21.28071641921997,13.241318702697754,12.812503814697266,34.303406715393066,24.765636444091797,27.2900390625,True,0.0019458260630549548,-0.46210557222366333,-0.46210557222366333,0.0,38.60093041277773,0.5357142857142857,1.0
unit-balanced-norm-matched,72,2.9617850444704315e-05,21.35851514339447,13.288203239440918,13.281259059906006,37.708343505859375,21.156254768371582,27.794361114501953,True,0.001608760063507615,0.7314194440841675,0.7314194440841675,0.0,24.671571226532635,0.5714285714285714,1.0
unit-balanced-norm-matched,73,2.9603921063437794e-05,20.654318690299988,13.501516342163086,10.916693210601807,36.14697456359863,22.052090644836426,11.366864204406738,True,0.0013201314715892475,0.9221895933151245,0.9221895933151245,0.0,7.580465801729836,0.39285714285714285,1.0
unit-balanced-norm-matched,74,2.9589747467745818e-05,20.882083892822266,13.756749153137207,11.427138328552246,34.71944618225098,23.625001907348633,23.53103256225586,True,0.0013107153605076995,0.0024280697107315063,0.0024280697107315063,0.0,32.38129783804216,0.5714285714285714,1.0
unit-balanced-norm-matched,75,2.9575330018043316e-05,20.714094042778015,13.345292091369629,13.609407424926758,34.81313133239746,21.088545322418213,11.127391815185547,True,0.001487773328322924,0.7281601428985596,0.7281601428985596,0.0,9.16037701986215,0.5357142857142857,1.0
unit-balanced-norm-matched,76,2.9560669080946092e-05,19.83368694782257,13.147202968597412,11.463567733764648,33.6875114440918,21.036465644836426,8.78221607208252,False,0.0012977374240884152,0.8394085764884949,0.8394085764884949,0.0,12.88597873547166,0.39285714285714285,1.0
unit-balanced-norm-matched,77,2.9545765029261487e-05,19.55864405632019,10.953265190124512,14.03648567199707,32.0208625793457,21.223962783813477,5.956966876983643,False,0.0013008765061653324,0.07665552198886871,0.07665552198886871,8.004697149566198e-08,35.81240750254805,0.5714285714285714,1.0
unit-balanced-norm-matched,78,2.9530618241978923e-05,21.236223697662354,12.912512302398682,12.60417366027832,34.33445453643799,25.093754291534424,66.20877075195312,True,0.001089832282276906,0.759842574596405,0.759842574596405,0.0,86.41916839812659,0.5357142857142857,1.0
unit-balanced-norm-matched,79,2.9515229104260233e-05,21.40812647342682,12.397387504577637,13.85420846939087,34.594438552856445,24.786471366882324,7.790534019470215,False,0.0009887003401634258,0.9546052813529968,0.9546052813529968,6.12072456052104e-08,9.89177868712553,0.5357142857142857,1.0
unit-balanced-norm-matched,80,2.9499598007429908e-05,20.385767936706543,13.136798858642578,12.739588737487793,33.541677474975586,22.125006675720215,4.126805782318115,False,0.0009568798407851891,0.6458191275596619,0.6458191275596619,0.0,6.081214357402988,0.6428571428571429,1.0
unit-balanced-norm-matched,81,2.948372534896511e-05,20.18163901567459,11.11068844795227,13.005215644836426,35.79292869567871,20.817723274230957,22.65912628173828,True,0.0008918324897429755,0.9665278196334839,0.9665278196334839,0.0,18.56197717878147,0.14285714285714285,1.0
unit-balanced-norm-matched,82,2.9467611532485588e-05,20.765356421470642,12.940343379974365,11.218809604644775,34.30330276489258,24.59896993637085,17.58182144165039,True,0.0009006252041335534,0.9525894522666931,0.9525894522666931,1.0848414344621915e-07,29.544488027911587,0.5,1.0
unit-balanced-norm-matched,83,2.945125696774339e-05,21.456440925598145,12.159067153930664,12.718757629394531,35.76043510437012,25.187503814697266,9.630411148071289,False,0.0007587722815546442,0.934258759021759,0.934258759021759,0.0,17.386504115660703,0.42857142857142855,1.0
unit-balanced-norm-matched,84,2.9434662070612482e-05,19.108117759227753,11.541764974594116,11.312557220458984,32.281270027160645,21.296878814697266,6.005309104919434,False,0.0007121489037422321,0.6365597248077393,0.6365597248077393,0.0,10.241069497499355,0.5714285714285714,1.0
unit-balanced-norm-matched,85,2.9417827263078142e-05,20.414534330368042,14.188686847686768,11.328181266784668,34.72980499267578,21.41146421432495,5.480268955230713,False,0.0006599441972832841,0.68402498960495,0.68402498960495,0.0,12.214118051629042,0.5714285714285714,1.0
unit-balanced-norm-matched,86,2.940075297322622e-05,21.419715642929077,13.761637687683105,12.083341598510742,38.354713439941406,21.479169845581055,20.12938690185547,True,0.0007314756565143462,0.9303529858589172,0.9303529858589172,9.475444140427669e-08,22.934035124114757,0.42857142857142855,1.0
unit-balanced-norm-matched,87,2.938343963523229e-05,20.348429322242737,13.517382621765137,11.203186988830566,35.73042869567871,20.942718982696533,7.019345760345459,False,0.0007589774163961989,0.8293293118476868,0.8293293118476868,0.0,7.458826821782998,0.5,1.0
unit-balanced-norm-matched,88,2.9365887689350595e-05,20.633164525032043,13.522172927856445,11.083365440368652,36.166690826416016,21.76042890548706,8.81509017944336,False,0.0006952230134498706,0.9532602429389954,0.9532602429389954,1.0818655216127127e-07,8.998889459984436,0.6428571428571429,1.0
unit-balanced-norm-matched,89,2.9348097581902822e-05,20.05396807193756,13.657468795776367,11.05210828781128,34.23024940490723,21.27604579925537,5.848363399505615,False,0.0006676076196879015,0.7079766392707825,0.7079766392707825,0.0,25.196404156767745,0.5357142857142857,1.0
unit-balanced-norm-matched,90,2.933006976526679e-05,20.621495246887207,13.772368431091309,13.666699409484863,32.145870208740234,22.901042938232422,12.252217292785645,True,0.0007508484350112776,0.2135043740272522,0.2135043740272522,0.0,35.53159932462418,0.5714285714285714,1.0
unit-balanced-norm-matched,91,2.9311804697864947e-05,20.93290865421295,13.391680717468262,12.270840167999268,34.293070793151855,23.776042938232422,33.56290054321289,True,0.0008185167179194145,0.541269063949585,0.541269063949585,0.0,37.4977243849059,0.6071428571428571,1.0
unit-balanced-norm-matched,92,2.9293302844152674e-05,20.609010457992554,12.497305393218994,11.833391666412354,34.511592864990234,23.593751907348633,17.07032585144043,True,0.0008156353484880409,0.9738901853561401,0.9738901853561401,0.0,17.55127711914638,0.39285714285714285,1.0
unit-balanced-norm-matched,93,2.9274564674606523e-05,20.378767430782318,12.087941884994507,11.401068687438965,33.22917938232422,24.796879768371582,14.4642333984375,True,0.0008501552649981289,0.6077497005462646,0.6077497005462646,0.0,23.535216001963676,0.5,1.0
unit-balanced-norm-matched,94,2.9255590665712213e-05,20.229522705078125,13.61592149734497,11.265682220458984,32.520859718322754,23.51562738418579,12.249654769897461,True,0.0008551087136162078,0.6651343703269958,0.6651343703269958,0.0,9.768296555757127,0.5714285714285714,1.0
unit-balanced-norm-matched,95,2.923638129995254e-05,21.34046185016632,13.611130714416504,11.723987102508545,34.93818473815918,25.088544845581055,6.790392875671387,False,0.0008412380006906224,0.7017650008201599,0.7017650008201599,0.0,10.67025718207028,0.6071428571428571,1.0
unit-balanced-norm-matched,96,2.9216937065795103e-05,19.900825440883636,11.025118112564087,13.859416484832764,33.40626335144043,21.312503814697266,13.526749610900879,True,0.0009446992882318131,0.3190232813358307,0.3190232813358307,0.0,20.67295126874201,0.5357142857142857,1.0
unit-balanced-norm-matched,97,2.919725845767987e-05,21.52146291732788,13.204882144927979,13.484403133392334,38.3757209777832,21.020845413208008,11.519328117370605,True,0.000929430279396681,0.43648749589920044,0.43648749589920044,0.0,27.12665418655635,0.5357142857142857,1.0
unit-balanced-norm-matched,98,2.9177345976006628e-05,20.92614448070526,13.303458213806152,14.317749977111816,32.41670036315918,23.666669368743896,13.262158393859863,True,0.000977523824033797,0.14151708781719208,0.14151708781719208,7.190943496215851e-08,19.793055837954412,0.5714285714285714,1.0
unit-balanced-norm-matched,99,2.9157200127122236e-05,20.211581707000732,13.694254875183105,10.89586353302002,34.844746589660645,21.41146183013916,5.887095928192139,False,0.0008839944120723616,0.8470478057861328,0.8470478057861328,8.099701487296329e-08,10.229146211666354,0.5714285714285714,1.0
unit-balanced-norm-matched,100,2.913682142330775e-05,21.531552731990814,11.433430910110474,14.333376407623291,35.80211067199707,24.557292938232422,13.825939178466797,True,0.0009217900178322266,0.9816374778747559,0.9816374778747559,6.897718618503745e-08,11.525828671938942,0.4642857142857143,1.0
unit-balanced-norm-matched,101,2.911621038276542e-05,21.503195643424988,13.006431102752686,14.369845390319824,34.542755126953125,24.093750953674316,5.7047600746154785,False,0.000916253977954998,0.809299647808075,0.809299647808075,0.0,19.402993622255014,0.6428571428571429,1.0
unit-balanced-norm-matched,102,2.909536752960549e-05,20.459981560707092,13.490922927856445,10.90627908706665,33.72917938232422,23.713544845581055,14.292059898376465,True,0.0010195576054206127,0.9604774713516235,0.9604774713516235,6.672755781256257e-08,13.766121394375737,0.5357142857142857,1.0
unit-balanced-norm-matched,103,2.9074293393832876e-05,21.06427776813507,13.05305290222168,11.635456562042236,34.57380676269531,24.994794845581055,9.84384536743164,False,0.0007838915532610409,0.8304794430732727,0.8304794430732727,0.0,41.96120155851675,0.42857142857142855,1.0
unit-balanced-norm-matched,104,2.90529885113337e-05,21.545923590660095,12.907591342926025,13.723992824554443,35.95835876464844,23.593751430511475,4.572397232055664,False,0.0007067257716794059,0.3281511664390564,0.3281511664390564,1.0428601981971042e-07,47.04465076155044,0.42857142857142855,1.0
unit-balanced-norm-matched,105,2.9031453423861642e-05,19.878206849098206,12.418213844299316,11.510437488555908,34.709163665771484,20.875012397766113,19.67765235900879,True,0.000831510706960803,0.8506338596343994,0.8506338596343994,0.0,41.52616520301444,0.4642857142857143,1.0
unit-balanced-norm-matched,106,2.9009688679024187e-05,19.980289340019226,12.124247074127197,12.68229866027832,33.333351135253906,21.78126049041748,21.92535972595215,True,0.0009491053269786747,-0.5080744624137878,-0.5080744624137878,0.0,28.83006803116621,0.5,1.0
unit-balanced-norm-matched,107,2.8987694830268685e-05,19.663418889045715,12.367114543914795,11.182374477386475,31.781267166137695,23.322919368743896,22.71086311340332,True,0.0010055074104991387,0.6064498424530029,0.6064498424530029,0.0,27.228810809919114,0.5357142857142857,1.0
unit-balanced-norm-matched,108,2.8965472436868284e-05,19.53306818008423,13.22592544555664,11.322982788085938,32.56252670288086,21.020837783813477,6.605522632598877,False,0.0009661551704989628,0.5771209001541138,0.5771209001541138,0.0,20.732718732793376,0.6071428571428571,1.0
unit-balanced-norm-matched,109,2.894302206390769e-05,21.598358631134033,13.657999038696289,13.067718505859375,35.65729904174805,24.010417938232422,7.697700023651123,False,0.0009489755692563508,0.3057926893234253,0.3057926893234253,6.194540658199799e-08,14.874484676116388,0.5714285714285714,1.0
unit-balanced-norm-matched,110,2.8920344282268846e-05,20.649116158485413,11.62769365310669,13.177091598510742,33.541677474975586,24.250001907348633,25.190536499023438,True,0.0007665733034985448,0.9179137349128723,0.9179137349128723,0.0,27.546565647336646,0.4642857142857143,1.0
unit-balanced-norm-matched,111,2.8897439668616345e-05,21.042381048202515,13.157812118530273,14.000048637390137,35.5324821472168,21.47918128967285,36.29317855834961,True,0.0008350938298518219,0.8718684315681458,0.8718684315681458,1.0510781955908044e-07,36.99836756139763,0.5,1.0
unit-balanced-norm-matched,112,2.8874308805382837e-05,21.527745246887207,13.194245338439941,14.531292915344238,35.98960876464844,22.39583396911621,12.076623916625977,True,0.0007679741095792155,0.7877679467201233,0.7877679467201233,7.896861309308889e-08,17.74418552290893,0.5,1.0
unit-balanced-norm-matched,113,2.8850952280754167e-05,21.70379412174225,13.574427604675293,13.776075839996338,34.59487724304199,24.86979579925537,168.10922241210938,True,0.0008496819174973973,-0.04588622227311134,-0.04588622227311134,0.0,311.2078167862985,0.5357142857142857,1.0
unit-balanced-norm-matched,114,2.8827370688654434e-05,19.943872809410095,12.0202317237854,11.364607810974121,35.270851135253906,21.119800567626953,6.414067268371582,False,0.0007735725790508776,0.8950678706169128,0.8950678706169128,7.434239501780127e-08,6.883793135760256,0.5357142857142857,1.0
unit-balanced-norm-matched,115,2.880356462873091e-05,21.44856023788452,13.043006896972656,13.901090621948242,35.54284858703613,23.307294845581055,34.0875244140625,True,0.0006705861527073945,0.9603890776634216,0.9603890776634216,0.0,20.54790623119676,0.42857142857142855,1.0
unit-balanced-norm-matched,116,2.8779534706338766e-05,20.152746200561523,13.136961936950684,13.890674591064453,33.10417938232422,20.47916889190674,15.64751148223877,True,0.0007195232948436567,0.3323426842689514,0.3323426842689514,0.0,60.31153885654672,0.5357142857142857,1.0
unit-balanced-norm-matched,117,2.875528153252567e-05,19.277751445770264,12.496335983276367,11.385446071624756,31.97920513153076,21.25001859664917,8.963642120361328,False,0.0007531448130300395,0.844251275062561,0.844251275062561,0.0,7.227620181775126,0.5714285714285714,1.0
unit-balanced-norm-matched,118,2.8730805724016292e-05,21.2686265707016,12.9025559425354,13.895882606506348,35.66669273376465,22.609375,39.079246520996094,True,0.0008243483258689618,0.5812481045722961,0.5812481045722961,0.0,62.71665211233391,0.5714285714285714,1.0
unit-balanced-norm-matched,119,2.8706107903196563e-05,19.517398059368134,11.532288789749146,10.885473251342773,34.250770568847656,21.40105962753296,15.2017240524292,True,0.0008584365246525693,0.7687149047851562,0.7687149047851562,6.273461172767725e-08,19.700189299328166,0.5714285714285714,1.0
unit-balanced-norm-matched,120,2.868118869809791e-05,21.37193524837494,12.465779304504395,13.687553405761719,34.86564636230469,24.468761920928955,5.5456132888793945,False,0.0008303858584609816,0.8698968291282654,0.8698968291282654,0.0,10.173008539619632,0.4642857142857143,1.0
unit-balanced-norm-matched,121,2.8656048742381237e-05,21.246657967567444,13.173434257507324,12.30208969116211,37.959007263183594,21.552100658416748,9.053583145141602,False,0.0007316668124071818,0.8282608389854431,0.8282608389854431,0.0,14.351225221173575,0.5357142857142857,1.0
unit-balanced-norm-matched,122,2.863068867532084e-05,19.95897889137268,12.502512454986572,13.666719913482666,33.42709732055664,20.239585876464844,9.049339294433594,False,0.0007221577037749642,0.8124274015426636,0.8124274015426636,0.0,14.774343310782447,0.5357142857142857,1.0
unit-balanced-norm-matched,123,2.8605109141788138e-05,19.738601684570312,13.464731216430664,11.166735649108887,33.22918701171875,21.09375286102295,7.604676723480225,False,0.0007576530951915647,0.7093225717544556,0.7093225717544556,6.270314645284714e-08,16.954505598388582,0.4642857142857143,1.0
unit-balanced-norm-matched,124,2.857931079223527e-05,21.262183666229248,13.688578605651855,12.973967552185059,38.177852630615234,20.208335876464844,64.11848449707031,True,0.0009082515888302429,0.7193082571029663,0.7193082571029663,0.0,50.829165084060506,0.5714285714285714,1.0
unit-balanced-norm-matched,125,2.8553294282678578e-05,19.32996356487274,11.063814640045166,11.208398342132568,34.42783546447754,20.619805812835693,11.298039436340332,True,0.0010378132671595638,0.8612536191940308,0.8612536191940308,8.441059540231777e-08,10.253784552691041,0.5357142857142857,1.0
unit-balanced-norm-matched,126,2.8527060274681913e-05,19.519845604896545,13.01681137084961,11.16669511795044,32.12503242492676,21.770843505859375,7.3480963706970215,False,0.0008819035570736124,0.39334091544151306,0.39334091544151306,6.489261084041686e-08,10.583378148932587,0.5357142857142857,1.0
unit-balanced-norm-matched,127,2.8500609435339794e-05,20.447258234024048,13.303159713745117,13.500041007995605,33.59520244598389,21.390629768371582,28.25633430480957,True,0.0008881308942021308,0.33297568559646606,0.33297568559646606,6.750162573343488e-08,39.832817175915146,0.5714285714285714,1.0
unit-balanced-norm-matched,128,2.847394243726047e-05,20.302706599235535,12.594964027404785,12.536466598510742,34.667914390563965,21.411481380462646,13.93408489227295,True,0.0009502269351536324,0.7728257775306702,0.7728257775306702,6.844183797483083e-08,23.852212381765604,0.6071428571428571,1.0
