update,current_loss,current_loss_ratio_to_plateau,selected_loss,selected_loss_ratio_to_plateau,selected_radius_l2,relative_improvement,gradient_norm,gradient_nonzero_fraction,analytic_directional_derivative,negative_gradient_cosine,curvature_pair_accepted,curvature_s_dot_y,curvature_cosine,history_size_used,initial_inverse_hessian_scale,restart_reason
1,1.7977445168071426e-05,1.0,1.2357087143755052e-05,0.6873661428655987,0.03,0.3126338571344012,0.00025156916969025126,1.0,-0.00025156916930631115,0.9999999999999954,,,,0,1.0,initial
2,1.2357088053249754e-05,0.6873661934564749,9.427270015294198e-06,0.5243943133831586,0.03,0.23709615285820124,0.00015857884083425372,1.0,-0.00015210396958426748,0.9591693878426533,True,4.308328221188107e-06,0.7775098488351991,1,126.28316442237134,none
3,9.4272709247889e-06,0.5243943639740347,7.708898920100182e-06,0.42880948032546123,0.03,0.18227671808712723,0.00011157184887422053,1.0,-9.212628112793733e-05,0.8257125965980577,True,3.213110254099956e-06,0.7031822540370274,2,138.50065878660075,none
4,7.708898920100182e-06,0.42880948032546123,6.421258603950264e-06,0.35718415736595566,0.03,0.16703297442291337,0.00011630350507186615,1.0,-6.884955729264112e-05,0.5919817916390642,True,2.1610711470124514e-06,0.5247789047144803,3,114.69012929110698,none
5,6.421258149202913e-06,0.35718413207051763,5.336901267583016e-06,0.2968665023137737,0.03,0.1688698470648623,9.062571208675659e-05,1.0,-5.562577007587364e-05,0.6137967769066112,True,1.5464944501439544e-06,0.4520580593799577,4,118.92784515077672,none
6,5.336901267583016e-06,0.2968665023137737,4.338219696364831e-06,0.24131458368009162,0.03,0.18712760854023996,6.875530414986938e-05,1.0,-4.3864215291065336e-05,0.6379757299451952,True,1.1491893099744816e-06,0.511427320738086,5,204.8418342361826,none
7,4.338219696364831e-06,0.24131458368009162,3.480000486888457e-06,0.1935759199571394,0.03,0.19782751210030014,5.728806014329103e-05,1.0,-3.737028668461435e-05,0.6523224310120389,True,6.430000428539697e-07,0.539059994630353,6,406.7303151323162,none
8,3.480000486888457e-06,0.1935759199571394,2.8441488666430814e-06,0.15820651043866843,0.03,0.18271595726525436,4.8704391883333496e-05,1.0,-3.04256817537464e-05,0.6247009889440347,True,5.254543015644045e-07,0.486194025032595,7,404.8789186177456,none
9,2.844148639269406e-06,0.1582064977909494,2.395814817646169e-06,0.13326781393282847,0.03,0.15763375212991793,5.1684086827723866e-05,1.0,-2.3962931136847766e-05,0.4636423440318744,True,5.599864725457044e-07,0.32974953440644456,8,174.75667131855417,none
10,2.3958150450198445e-06,0.1332678265805475,2.1459163690451533e-06,0.11936714861221638,0.03,0.10430633053004364,3.3924316277037975e-05,1.0,-1.823757506937234e-05,0.5375959508056475,True,5.459458382443103e-07,0.34788256760301717,9,199.50683996962016,none
11,2.1459163690451533e-06,0.11936714861221638,1.8668397387955338e-06,0.10384343945106876,0.03,0.13005009620845448,4.127508797986045e-05,1.0,-2.9182779067525853e-05,0.707031298981973,True,6.183372216418746e-07,0.4202335548790075,10,257.03951091059776,none
12,1.866839625108696e-06,0.10384343312720924,1.6442704691144172e-06,0.09146296671980395,0.01,0.11922242971531088,6.129860229587409e-05,1.0,-5.091664845592442e-05,0.8306331113044952,True,1.1793053601628358e-06,0.4558795649013766,10,158.6052436193098,none
13,1.6442704691144172e-06,0.09146296671980395,1.5010747347332654e-06,0.08349766725470129,0.03,0.08708770063739892,2.640210994596002e-05,1.0,-9.935919820868343e-06,0.37633052245593746,True,5.614313383385904e-07,0.7627509865416636,10,103.62629745237938,none
14,1.501074848420103e-06,0.0834976735785608,1.3156261502444977e-06,0.07318204216142436,0.03,0.12354393811260782,2.7319893481575164e-05,1.0,-1.4938494578911522e-05,0.5467991518985958,True,3.182844589017866e-07,0.28298710257713,10,226.44403229413368,none
15,1.3156261502444977e-06,0.07318204216142436,1.2694800943791051e-06,0.07061515596408251,0.003,0.035075356214846226,4.035669085429424e-05,1.0,-2.0558089744984446e-05,0.5094096996422367,True,5.200566390330996e-07,0.31658885427204253,10,173.45279867556056,none
16,1.2694802080659429e-06,0.07061516228794201,1.1989711765636457e-06,0.06669307931991697,0.01,0.05554165480824461,2.7939514533391057e-05,1.0,-1.627932306075893e-05,0.5826630604954974,True,3.073418998253273e-08,0.4056134477193103,10,48.178347450291405,none
17,1.198971062876808e-06,0.06669307299605745,1.125905100707314e-06,0.06262876010363035,0.01,0.060940555140821945,3.267856344590271e-05,1.0,-1.4892146053524637e-05,0.45571605654469927,True,1.8693034832163973e-07,0.4150777078760614,10,92.16753533573747,none
18,1.125905100707314e-06,0.06262876010363035,1.0688033853512025e-06,0.05945246253619145,0.03,0.050716277348987225,2.1480757752376966e-05,1.0,-6.269183628089668e-06,0.2918511391562054,True,1.5132232246161804e-07,0.3343310741341377,10,73.86693286708369,none
19,1.0688033853512025e-06,0.05945246253619145,9.85380665952107e-07,0.054812052365604075,0.01,0.0780524468227459,2.6339524196826747e-05,1.0,-1.4104347534931808e-05,0.5354822445316041,True,2.632058135506087e-07,0.2377383643416122,10,193.26176539563687,none
20,9.853807796389447e-07,0.05481205868946359,9.254504220734816e-07,0.05147841717337645,0.03,0.06081949110822139,1.169224562900498e-05,1.0,-6.200973659989602e-06,0.5303492469044288,True,1.1487158425297846e-07,0.42392392920164257,10,156.4457015244103,none
21,9.254504220734816e-07,0.05147841717337645,8.797910027169564e-07,0.048938600256698106,0.01,0.04933750989515436,2.1375867837964104e-05,1.0,-1.438731261886615e-05,0.6730633223653796,True,2.5365817577752405e-07,0.3797312981312561,10,511.6173592844969,none
22,8.797910595603753e-07,0.048938603418627866,8.376757705264026e-07,0.04659592966046945,0.01,0.047869648794814236,3.2308496028240166e-05,1.0,-1.1528255606097003e-05,0.35681808252980135,True,1.950723034882417e-07,0.45586489630399013,10,106.53124307054108,none
23,8.376758842132404e-07,0.04659593598432897,8.111171609925805e-07,0.04511860019092997,0.01,0.031705249871917106,2.022554983552551e-05,1.0,-5.864941907148491e-06,0.2899768837544328,True,1.450750898170506e-07,0.3096693964446675,10,66.10046352300108,none
24,8.111171609925805e-07,0.04511860019092997,7.806520443409681e-07,0.04342397026065937,0.01,0.03755945271128471,1.454407391384294e-05,1.0,-4.92599059942789e-06,0.33869400221075907,True,6.505348000664472e-08,0.22420895681305414,10,77.2748159891724,none
25,7.806520443409681e-07,0.04342397026065937,7.537226451859169e-07,0.04192601552330443,0.03,0.03449603360455579,1.091617916051195e-05,1.0,-3.394360708163532e-06,0.3109476913849489,True,3.753207791106837e-08,0.222640439820782,10,132.07151962181968,none
26,7.537225883424981e-07,0.04192601236137468,7.203969403235533e-07,0.04007226463986126,0.01,0.04421473965936299,1.6985640408309e-05,1.0,-1.1193077017458623e-05,0.6589729171728564,True,1.5056327771154362e-07,0.29414417305262375,10,517.181936483776,none
27,7.203969971669721e-07,0.04007226780179102,6.93205379320716e-07,0.03855972708245959,0.003,0.037745323694004386,2.337143598267302e-05,1.0,-1.4695199548972477e-05,0.6287675055284003,True,1.5759121742825276e-07,0.49779710890552287,10,157.24459583460484,none
28,6.93205379320716e-07,0.03855972708245959,6.747172278664948e-07,0.037531318914259086,0.01,0.026670525079216904,1.1716607083591083e-05,1.0,-3.8123308415658166e-06,0.32537839747040076,True,3.333919144256348e-08,0.6254006314717138,10,105.58722611693112,none
29,6.747172278664948e-07,0.037531318914259086,6.570344339706935e-07,0.03654770896687866,0.01,0.02620771067564939,1.0953740173611697e-05,1.0,-3.0575565221918176e-06,0.27913356290253843,True,3.9409292392688544e-08,0.23784177325640962,10,143.5408039451544,none
30,6.570344339706935e-07,0.03654770896687866,6.356723929457075e-07,0.035359439953942064,0.01,0.03251281808152355,1.2913784400258014e-05,1.0,-3.062441948056877e-06,0.2371451969788959,True,2.5770531409729384e-08,0.17153490510841293,10,114.17808937125079,none
31,6.356723929457075e-07,0.035359439953942064,6.165812465042109e-07,0.034297490034862176,0.01,0.03003299601077255,8.620714912906798e-06,1.0,-3.0139006764602103e-06,0.34961145437166247,True,1.8486083530709675e-08,0.21319693732306008,10,245.8754584442197,none
32,6.165812465042109e-07,0.034297490034862176,5.998023766551341e-07,0.03336416109450325,0.01,0.027212747621188214,8.849706247914168e-06,1.0,-2.632544114044087e-06,0.29747248568758833,True,2.2191601801613402e-08,0.22332950972488433,10,224.75079548112177,none
33,5.998023766551341e-07,0.03336416109450325,5.809497451991774e-07,0.032315478632690506,0.01,0.03143140505893051,8.51797719449881e-06,1.0,-2.874268482944328e-06,0.33743556902983485,True,1.9106866081344184e-08,0.1886910163456101,10,186.34376622092532,none
34,5.809497451991774e-07,0.032315478632690506,5.613094344880665e-07,0.031222981310212627,0.01,0.03380724558950844,7.6180958559588445e-06,1.0,-2.7408041714063366e-06,0.35977548999299774,True,1.9767883196817583e-08,0.33415998062286445,10,564.8758182313995,none
35,5.613094913314853e-07,0.031222984472142386,5.44716272088408e-07,0.030299982394375105,0.01,0.02956162241924052,8.440022111696226e-06,1.0,-2.363824872903639e-06,0.2800733031052621,True,1.558974755509559e-08,0.21587897533039843,10,298.9373313515793,none
36,5.44716272088408e-07,0.030299982394375105,5.357972554520529e-07,0.0298038598055995,0.01,0.01637369231170593,6.863874808357502e-06,1.0,-2.0192221450007444e-06,0.29418108591619874,True,1.4067196052837297e-08,0.16685440892878567,10,197.9075945609913,none
37,5.357972554520529e-07,0.0298038598055995,5.296801077747659e-07,0.029463591896555823,0.003,0.011416907449676926,1.3165994037160432e-05,1.0,-2.663756344591456e-06,0.20232094410617782,True,2.235063409510533e-08,0.13544628254402824,10,82.08092974643753,none
38,5.296801646181848e-07,0.029463595058485583,5.2247213488954e-07,0.029062646555444313,0.01,0.013608268177911862,7.76059130493086e-06,1.0,-2.3175573331720914e-06,0.29863154034452377,True,3.7660489830479015e-09,0.17992082415856842,10,77.35905067875616,none
39,5.224720780461212e-07,0.029062643393514553,5.117070713822613e-07,0.028463837135827903,0.003,0.02060398462654217,1.548386083718741e-05,1.0,-8.594509669325435e-06,0.5550624462052212,True,3.2039768786091765e-08,0.16369090497727376,10,83.62947898468603,none
40,5.117070713822613e-07,0.028463837135827903,4.995878271074616e-07,0.027789701063571988,0.01,0.023683949182219242,9.132090117962663e-06,1.0,-1.8076641939697668e-06,0.1979463815124235,True,2.9694862559085352e-08,0.44205213547145017,10,59.225616317053635,none
41,4.995878271074616e-07,0.027789701063571988,4.889773776994844e-07,0.027199492092899014,0.01,0.021238406606922732,5.333097965198213e-06,1.0,-1.4154259428535103e-06,0.26540407663630233,True,1.1951763576580112e-08,0.1418759507829706,10,168.41817749022766,none
42,4.889773208560655e-07,0.027199488930969254,4.758051375119976e-07,0.026466782852829624,0.01,0.026938229611563582,6.145798026306319e-06,1.0,-1.766401587222527e-06,0.28741614686125455,True,7.08680862207782e-09,0.2085467444904079,10,613.7082348182514,none
43,4.7580516593370703e-07,0.026466784433794504,4.6530576014447433e-07,0.025882752292904983,0.01,0.022066607386720886,6.695182995265288e-06,1.0,-1.4674033609670912e-06,0.2191730026073959,True,8.985618924948903e-09,0.154351171354648,10,265.1360030397936,none
44,4.6530578856618376e-07,0.025882753873869863,4.563042352856428e-07,0.02538204016308475,0.01,0.01934545733522638,6.1979456638046505e-06,1.0,-1.4499281685098528e-06,0.23393689572101017,True,8.341954710327089e-09,0.12256628961068079,10,180.08287227600923,none
45,4.563042637073522e-07,0.02538204174404963,4.49762296739209e-07,0.025018143152954937,0.01,0.014336852596974396,5.47862130553091e-06,1.0,-1.3904321739214685e-06,0.253792349751793,True,1.1053216541258112e-08,0.15691798531454604,10,222.7689737120375,none
46,4.497623251609184e-07,0.025018144733919816,4.3585484377217654e-07,0.02424453751338761,0.01,0.030921846074514973,7.873759609521919e-06,1.0,-2.8515047950874907e-06,0.36215289014251406,True,1.4737408541691572e-08,0.16198600565049256,10,178.04619128340306,none
47,4.3585484377217654e-07,0.02424453751338761,4.2718420445453376e-07,0.023762230976692278,0.003,0.019893410481804732,9.227879082233571e-06,1.0,-4.066637640538759e-06,0.44069039076993616,True,2.9412940622487234e-08,0.2195451956748657,10,163.87642491227035,none
48,4.2718420445453376e-07,0.023762230976692278,4.215317801481433e-07,0.023447813424390163,0.003,0.013231819546342938,5.81796756655797e-06,1.0,-2.5068607743540215e-06,0.43088256381813256,True,7.0557386984065365e-09,0.3722964799803088,10,176.80281699522666,none
49,4.2153180856985273e-07,0.023447815005355043,4.148239156620548e-07,0.023074686741294953,0.01,0.015913135785781074,4.258789687926627e-06,1.0,-1.2032046659976569e-06,0.28252267747786003,True,3.770138237473751e-09,0.26838910583042813,10,171.95574631416105,none
50,4.1482388724034536e-07,0.023074685160330077,4.111005296181247e-07,0.022867572437281228,0.003,0.008975755101738791,5.484489447028854e-06,1.0,-2.3394160882882312e-06,0.42655129753557824,True,1.0917668941618746e-08,0.22877361986753247,10,479.37950690939033,none
51,4.111005296181247e-07,0.022867572437281228,4.05102724698736e-07,0.022533942999765764,0.003,0.014589630728425835,1.0565741692721332e-05,1.0,-2.983256466877312e-06,0.28235182675997594,True,6.613778031718623e-09,0.2323199051230856,10,73.44358905306964,none
52,4.051027531204454e-07,0.022533944580730644,4.0161793890547415e-07,0.022340100895913824,0.003,0.008602297042239944,5.515876336763241e-06,1.0,-1.5727040699213102e-06,0.2851231562320889,True,5.880372128498334e-09,0.24604290344748642,10,92.65203331955537,none
53,4.016179104837647e-07,0.022340099314948948,3.967621751144179e-07,0.022069997789178713,0.01,0.012090435318230397,4.040739155823985e-06,1.0,-1.639392694090944e-06,0.4057160411811081,True,2.49257130786823e-09,0.24167164880502662,10,210.8813807860013,none
54,3.967621751144179e-07,0.022069997789178713,3.9038198451635253e-07,0.02171509805017704,0.003,0.0160806422543315,8.611380707611564e-06,1.0,-3.0000293798657795e-06,0.34837960174463484,True,2.311159823087074e-08,0.24937040449412348,10,269.0659065810406,none
55,3.9038201293806196e-07,0.02171509963114192,3.855008117170655e-07,0.02144358156083983,0.003,0.012503652984060249,5.026390496582659e-06,1.0,-2.3367777303105194e-06,0.46490174802867845,True,5.247017202296068e-09,0.33667777383369946,10,194.43323352643347,none
56,3.855008117170655e-07,0.02144358156083983,3.803927484113956e-07,0.0211594442288711,0.01,0.013250460570804043,3.3305163005192286e-06,1.0,-9.962759133878408e-07,0.2991355765763057,True,4.229534383311417e-09,0.23483765770111903,10,117.35010726507082,none
57,3.8039271998968616e-07,0.021159442647906222,3.7536003105742566e-07,0.020879498034797415,0.01,0.013230245132969299,5.158504631562058e-06,1.0,-9.386490250489185e-07,0.1819614582680824,True,9.684989683918423e-09,0.1872676207664841,10,362.102999916275,none
58,3.7536000263571623e-07,0.02087949645383254,3.680319764498563e-07,0.02047187311707083,0.01,0.019522661270257168,8.966772773085806e-06,1.0,-1.006606860912743e-06,0.11225965970299567,True,8.654198924143468e-09,0.0992807814011373,10,113.89384773235777,none
59,3.680319764498563e-07,0.02047187311707083,3.6277654658078973e-07,0.02017953848220289,0.01,0.014279818617289679,5.281509760035235e-06,1.0,-8.93032314301292e-07,0.16908655948017012,True,5.483014674086443e-09,0.10285427239161955,10,192.9394447497841,none
60,3.6277654658078973e-07,0.02017953848220289,3.5884926319340593e-07,0.019961082336145006,0.01,0.010825626475578116,4.0703732179319825e-06,1.0,-8.826139294844194e-07,0.2168385754136917,True,7.384073248403839e-09,0.11518501560617025,10,179.67742951898128,none
61,3.5884926319340593e-07,0.019961082336145006,3.5401458831074706e-07,0.01969215230535034,0.003,0.01347271787500695,6.9611552092902435e-06,1.0,-2.6719769287338543e-06,0.38384102132943904,True,9.815975792801446e-09,0.13142851111554962,10,175.97513911906162,none
62,3.5401458831074706e-07,0.01969215230535034,3.509069586016267e-07,0.019519289605446816,0.003,0.00877825324642429,5.196015017580478e-06,1.0,-1.6204769134335724e-06,0.31186917429596905,True,6.376778073208677e-09,0.2612106626903197,10,96.29889755022307,none
63,3.509069870233361e-07,0.019519291186411696,3.482792578779481e-07,0.019373123078495286,0.01,0.007488392202385108,4.328740504572802e-06,1.0,-7.903368433981663e-07,0.1825789377851138,True,3.4943413445308896e-09,0.18631162841732257,10,89.40587188838194,none
64,3.4827928629965754e-07,0.019373124659460166,3.438410089984245e-07,0.019126244345837207,0.003,0.012743443195798789,5.91994458279129e-06,1.0,-2.000333758584542e-06,0.33789737876167725,True,1.053907965825025e-08,0.17160528677629291,10,279.42116602436766,none
65,3.4384103742013394e-07,0.019126245926802087,3.3883105743370834e-07,0.018847564504631847,0.01,0.014570628404380918,4.099271140127306e-06,1.0,-1.0538856449805118e-06,0.2570909824625611,True,3.129445261179615e-09,0.2104945003486942,10,127.42532148635532,none
66,3.388311142771272e-07,0.018847567666561607,3.314690957267885e-07,0.018438053495804244,0.01,0.02172769335556756,5.397878616455676e-06,1.0,-1.0130291818442544e-06,0.1876717231971977,True,1.1063031416332133e-08,0.17035425699898987,10,262.31914862153315,none
67,3.314690673050791e-07,0.018438051914839368,3.257240734910738e-07,0.018118485159925347,0.01,0.017331915344962427,3.7072336200808453e-06,1.0,-8.468790773710414e-07,0.22843963030612865,True,5.524879394212768e-09,0.11273375181462308,10,230.02786055461704,none
68,3.257240734910738e-07,0.018118485159925347,3.212786054973549e-07,0.017871204862187923,0.01,0.013647956523670166,3.5443245055703233e-06,1.0,-6.533240171162134e-07,0.18432962780930748,True,5.440442939048075e-09,0.13369419796834434,10,328.54489978806953,none
69,3.212786054973549e-07,0.017871204862187923,3.1669168265580083e-07,0.017616056102246185,0.03,0.014277087745862388,4.62595716311625e-06,1.0,-5.689752462623562e-07,0.12299622029431448,True,4.16871068313759e-09,0.11397975915451795,10,311.6448482478635,none
70,3.1669168265580083e-07,0.017616056102246185,3.1231718367052963e-07,0.017372723473812392,0.003,0.013813116115290168,8.076198797082215e-06,1.0,-2.020201930137529e-06,0.25014267010062685,True,2.513920900213103e-08,0.08880711550914125,10,282.3490515530567,none
71,3.1231718367052963e-07,0.017372723473812392,3.074237611144781e-07,0.017100525588612196,0.01,0.01566811822052577,4.520725743757932e-06,1.0,-1.0522432271062898e-06,0.23275980156383766,True,3.3581009657932305e-09,0.17699605477628197,10,83.95987472618766,none
72,3.0742370427105925e-07,0.017100522426682436,3.0128299499665445e-07,0.016758943897753814,0.03,0.019974742315219975,5.034098964866957e-06,1.0,-6.123825426866009e-07,0.12164690186077794,True,1.1266692748391155e-08,0.17961168022885232,10,286.3337499759996,none
73,3.012830234183639e-07,0.016758945478718694,2.975876896016416e-07,0.016553391587040844,0.003,0.012265323730474186,1.087458554672083e-05,1.0,-2.018153340835859e-06,0.1855843913908753,True,2.4547621590381776e-08,0.06174398164663677,10,139.77248420276067,none
74,2.975876896016416e-07,0.016553391587040844,2.957871743092255e-07,0.01645323746193669,0.003,0.006050368867160832,4.868219887655395e-06,1.0,-8.156877129756695e-07,0.16755358872547638,True,4.689174476753261e-09,0.1687046269637987,10,54.62727461227132,none
75,2.957871743092255e-07,0.01645323746193669,2.926277034021041e-07,0.01627749108209331,0.003,0.010681568308362206,3.7468666332336588e-06,1.0,-1.488744614826697e-06,0.39733055924379157,True,1.3181664075540647e-09,0.1456259041911809,10,144.79200188135357,none
76,2.926277034021041e-07,0.01627749108209331,2.8796262085961644e-07,0.016017994668733472,0.01,0.01594203996494923,4.312116027067473e-06,1.0,-8.087276121418039e-07,0.18754773918169346,True,2.6089318050002143e-09,0.2415638775697207,10,201.30265714988244,none
77,2.8796262085961644e-07,0.016017994668733472,2.863001213881944e-07,0.015925517709083237,0.003,0.0057733169202975505,4.795605398754429e-06,1.0,-7.393548504256448e-07,0.15417341274601376,True,6.831737342100466e-09,0.17122613314419288,10,429.14495695162685,none
78,2.863001498099038e-07,0.015925519290048117,2.827636649271881e-07,0.01572880141108072,0.01,0.012352368257801746,5.1101890306227115e-06,1.0,-5.563793258528631e-07,0.10887646681773848,True,1.0850093413130108e-09,0.09375153662470795,10,72.90675284876569,none
79,2.827636649271881e-07,0.01572880141108072,2.786360653317388e-07,0.015499202624553472,0.01,0.014597347917781953,4.5465080880511965e-06,1.0,-6.098131120900692e-07,0.13412779652097367,True,4.0775455523038015e-09,0.10080590098442625,10,249.21240106302227,none
80,2.786360937534482e-07,0.015499204205518351,2.747435701166978e-07,0.015282681579507863,0.01,0.01396991891579818,3.3730709488857716e-06,1.0,-7.732187525432671e-07,0.2292328753855873,True,3.922446407897736e-09,0.09240074246705575,10,217.66795010840443,none
81,2.747435701166978e-07,0.015282681579507863,2.726116576923232e-07,0.015164093403910978,0.003,0.007759644469455904,4.2405589470128215e-06,1.0,-1.0117199647141428e-06,0.2385817476420546,True,7.7032736770433e-09,0.17334880807903016,10,390.0928263943691,none
82,2.7261168611403264e-07,0.015164094984875857,2.685965796445089e-07,0.014940753657340914,0.01,0.014728299167058586,3.8133139996622972e-06,1.0,-1.299716776051324e-06,0.3408365470790477,True,1.8017429129523527e-09,0.1541836011806098,10,118.75000958040928,none
83,2.6859663648792775e-07,0.014940756819270672,2.6458008051122306e-07,0.014717334862526884,0.003,0.01495385805728517,6.6317270822705535e-06,1.0,-2.223398506862328e-06,0.3352668886495415,True,1.7954465148528295e-08,0.25469610805996284,10,361.30378667553873,none
84,2.6458008051122306e-07,0.014717334862526884,2.623459351980273e-07,0.014593059956259128,0.01,0.008444117595243527,4.8151446196149095e-06,1.0,-9.321142601163883e-07,0.19357970194830887,True,5.3128246561024965e-09,0.2973333206427637,10,149.7679478414502,none
85,2.623459351980273e-07,0.014593059956259128,2.592020962310926e-07,0.014418183107099367,0.003,0.011983562712956222,7.437013264426591e-06,1.0,-1.9880221495517226e-06,0.26731458958450843,True,1.4164825803863521e-08,0.1294150054185941,10,118.23820638105107,none
86,2.592020962310926e-07,0.014418183107099367,2.566999341979681e-07,0.01427899970201974,0.01,0.009653324836129665,3.817053147170794e-06,1.0,-4.74266272061204e-07,0.1242493236826413,True,5.650552679980665e-09,0.25532110674573244,10,103.82693814148233,none
87,2.5669996261967754e-07,0.01427900128298462,2.540857622079784e-07,0.01413358571435076,0.01,0.010183875311163512,5.348132666731193e-06,1.0,-5.516168761056101e-07,0.10314195824930011,True,4.466499947322623e-09,0.05965084784617848,10,79.66501588387911,none
88,2.540857622079784e-07,0.01413358571435076,2.5105470058406354e-07,0.013964982133832092,0.003,0.011929285598591834,4.265369352541411e-06,1.0,-2.227051320013266e-06,0.5221239088166763,True,5.82456112128273e-09,0.0828937838520683,10,117.97207434164486,none
89,2.5105470058406354e-07,0.013964982133832092,2.4826266553645837e-07,0.013809674467948403,0.003,0.01112122195326225,5.6369438895024714e-06,1.0,-1.8574393893069125e-06,0.3295117754768799,True,7.282832345454963e-09,0.30999610170752234,10,118.7593272817146,none
90,2.4826266553645837e-07,0.013809674467948403,2.4559287226111337e-07,0.013661166532010618,0.01,0.01075390562481869,3.5698216262425733e-06,1.0,-3.678672526597151e-07,0.10304919717561038,True,5.570352782793146e-09,0.26323270635543494,10,111.95749089360612,none
91,2.4559287226111337e-07,0.013661166532010618,2.420142948267312e-07,0.013462107244056963,0.01,0.014571177906895601,2.8806353526275247e-06,1.0,-4.781930248931271e-07,0.16600262314519662,True,2.052412486979008e-09,0.08124957371231309,10,321.6433767669432,none
92,2.420142948267312e-07,0.013462107244056963,2.388845814493834e-07,0.013288016134442217,0.01,0.012931936022987811,2.832576904538668e-06,1.0,-5.062048046259089e-07,0.17870822991621307,True,2.4074477981978238e-09,0.10160948002003706,10,428.8563161736705,none
93,2.388845814493834e-07,0.013288016134442217,2.3587205078001716e-07,0.01312044334302486,0.01,0.012610820887176258,3.7079013426118607e-06,1.0,-4.4657188749204353e-07,0.12043790985410441,True,3.86121508966366e-09,0.0895580217239989,10,207.72217599616746,none
94,2.3587203656916245e-07,0.01312044255254242,2.328064141465802e-07,0.012949916518730512,0.01,0.012996972711020514,2.901596318042653e-06,1.0,-4.274301563964497e-07,0.14730862239294448,True,2.8973838124480203e-09,0.10070886944400428,10,350.0478046458119,none
95,2.3280642835743492e-07,0.012949917309212952,2.2880064420860435e-07,0.012727094538158422,0.01,0.01720650145742697,3.2810133087307574e-06,1.0,-6.076535051863268e-07,0.1852029991995476,True,2.4110341583449717e-09,0.08551395769276132,10,303.2996016978658,none
96,2.2880064420860435e-07,0.012727094538158422,2.254425055525644e-07,0.012540297213808678,0.01,0.014677138115827331,3.1063089101387628e-06,1.0,-5.806893174142829e-07,0.18693868968080787,True,4.134508133106831e-09,0.1232134214407134,10,367.19329215380924,none
97,2.254425055525644e-07,0.012540297213808678,2.2300507396266767e-07,0.012404714456241675,0.01,0.010811765882048444,4.381668106940724e-06,1.0,-5.620130946849792e-07,0.12826464282448,True,4.9077586829834224e-09,0.1011653297185798,10,208.5348995152905,none
98,2.2300507396266767e-07,0.012404714456241675,2.2079687767018186e-07,0.01228188297090873,0.003,0.009902000224692079,5.292245358289257e-06,1.0,-2.1475100930290366e-06,0.405784302938159,True,6.360107601945537e-09,0.08905135717698441,10,124.68590420110382,none
99,2.2079687767018186e-07,0.01228188297090873,2.1874089384255058e-07,0.012167518342986915,0.003,0.009311652634429153,7.222292716262547e-06,1.0,-1.8175471137173311e-06,0.25165791304569585,True,8.483706580046237e-09,0.2694973714330448,10,77.04758708291477,none
100,2.1874089384255058e-07,0.012167518342986915,2.1691633378395636e-07,0.012066026721594868,0.01,0.00834119321057329,5.924521137039427e-06,1.0,-3.655670322779547e-07,0.061704064165666775,True,6.734003669356926e-09,0.19635383297800485,10,51.53030549578779,none
101,2.1691633378395636e-07,0.012066026721594868,2.1496330759873672e-07,0.011957389138948346,0.01,0.009003592081566392,3.891404721373219e-06,1.0,-3.3706796359012977e-07,0.0866185831441174,True,3.6799954157456178e-09,0.045053277083713386,10,55.157897690689154,none
102,2.1496330759873672e-07,0.011957389138948346,2.1069671163331805e-07,0.011720058643678847,0.01,0.019848019706614095,3.114059290370384e-06,1.0,-6.684505999974475e-07,0.21465570744692902,True,2.851619770481213e-09,0.07404518126361426,10,192.26381839526914,none
103,2.1069672584417276e-07,0.011720059434161286,2.0850517046255845e-07,0.011598153603765175,0.01,0.010401468617196926,3.6457715422441884e-06,1.0,-7.304842256105547e-07,0.20036478339637545,True,4.8196718416226745e-09,0.12728122597812833,10,336.14006472216255,none
104,2.0850518467341317e-07,0.011598154394247615,2.0614368168025976e-07,0.011466795184355682,0.01,0.011325871809146083,6.33303812629222e-06,1.0,-8.34775579367716e-07,0.1318128144237335,True,1.0215138165038302e-08,0.13506230219861948,10,178.57456087651232,none
105,2.0614368168025976e-07,0.011466795184355682,2.040599440533697e-07,0.011350886744229224,0.003,0.010108180905209901,5.1770741436579725e-06,1.0,-1.3220030083018742e-06,0.2553571711774721,True,1.1992852594905765e-08,0.12033801873162124,10,120.74903132081741,none
106,2.040599582642244e-07,0.011350887534711664,2.0073791517916106e-07,0.011166098035758644,0.01,0.01627974009855396,2.224298103051372e-06,1.0,-5.098311908724132e-07,0.22920992034052962,True,3.765302344332121e-09,0.23486693932196076,10,131.85615867382108,none
107,2.0073791517916106e-07,0.011166098035758644,1.9847165333430894e-07,0.011040036639177271,0.01,0.011289655184619496,3.132072060190826e-06,1.0,-6.32339429938286e-07,0.20189172471854458,True,3.5439843900741314e-09,0.13244196286235121,10,494.94791717542745,none
108,1.9847163912345422e-07,0.011040035848694832,1.955946657972163e-07,0.010880003469269331,0.01,0.014495639472440607,5.85859810626908e-06,1.0,-7.428783883958874e-07,0.1268013908136602,True,8.094558605204292e-09,0.11644672197292004,10,167.51941356195695,none
109,1.95594680008071e-07,0.01088000425975177,1.937267626317407e-07,0.010776100876436339,0.003,0.00954993958042836,5.24187689292322e-06,1.0,-1.6902080817914696e-06,0.3224432999113723,True,9.140517445816413e-09,0.10082522393203865,10,111.2158579893951,none
110,1.9372677684259543e-07,0.010776101666918779,1.917452436828171e-07,0.010665878376498312,0.01,0.01022849392362703,4.904586383107171e-06,1.0,-4.333360800237878e-07,0.08835323637986328,True,6.3859732988289735e-09,0.23861543894244827,10,80.2455838435397,none
111,1.917452436828171e-07,0.010665878376498312,1.8867119422338874e-07,0.01049488358659969,0.01,0.016031946349153836,3.853791713381215e-06,1.0,-4.924618209263306e-07,0.12778630959811899,True,4.707998261839686e-09,0.06495659641898392,10,89.62105152118615,none
112,1.8867118001253402e-07,0.01049488279611725,1.8695338610541512e-07,0.010399330069294324,0.01,0.009104696896498895,3.4543810372873996e-06,1.0,-3.179836654065109e-07,0.09205228433398797,True,3.6906546409520897e-09,0.06859121268814011,10,127.47898114959466,none
113,1.8695338610541512e-07,0.010399330069294324,1.8474875673746283e-07,0.01027669699505373,0.01,0.011792401378112487,5.007215904297337e-06,1.0,-3.2906364488466185e-07,0.06571788618886114,True,2.9546745670728915e-09,0.05207993425778151,10,91.79754493843622,none
114,1.8474877094831754e-07,0.01027669778553617,1.8174210936194868e-07,0.010109451463366387,0.01,0.016274325241438067,3.509995710693771e-06,1.0,-4.8195606892223e-07,0.13730958910498434,True,2.1765066396887947e-09,0.0524894073443586,10,126.58593398969396,none
115,1.8174209515109396e-07,0.010109450672883947,1.7867640167423815e-07,0.009938920686659844,0.01,0.01686837314331115,3.2196066122106896e-06,1.0,-4.772537210075152e-07,0.14823355099347998,True,3.633141796778944e-09,0.11217596799704484,10,346.3530422318166,none
