arm,step,C_over_C0,mean_pairwise_rmse,raw_cosine,own_delta_cosine,reference_delta_cosine
mcq,0,1.0,0.08022425232426099,0.9900969047089908,,-8.860406343724125e-05
mcq,1,1.7704514383882926,0.10674470441207208,0.9826025825685282,0.006981979725262792,0.0027819074437272495
mcq,2,2.748852382055586,0.13300551896728183,0.9732467429471962,0.007814518623443836,0.004762532416185748
mcq,3,3.836688360366864,0.15713129650566277,0.9630489514820108,0.00750776098020336,0.0053694265701820214
mcq,4,4.916539539655136,0.17787529094920015,0.9531264368224976,0.006686349525027209,0.005246122725377984
mcq,5,6.035393554692213,0.1970755234457193,0.9430557630311133,0.006244391922987881,0.005183698735462568
mcq,6,7.130043784775349,0.21419531698504618,0.9334158731028708,0.006076677698061695,0.005266489395791974
mcq,7,8.207667693848157,0.2298073952500344,0.9241119322198205,0.005849464038908086,0.0052202565756893
mcq,8,9.317714341058831,0.24485359580841576,0.9147181073438473,0.0056242469124850505,0.005137836548769695
mcq,9,10.391352343806513,0.2585820553086208,0.9058055088823156,0.00534810459573805,0.004986858974036025
mcq,10,11.496218700928155,0.27198621277535706,0.896813115960706,0.005081072708599201,0.004815243687254525
mcq,11,12.543650078511094,0.28411012874955904,0.8884522482393326,0.0048274090074659,0.00464771579768497
mcq,12,13.59496716357741,0.295779877657075,0.8802155301565665,0.004575370603411917,0.004466241597910092
mcq,13,14.63589546225706,0.3068972409779654,0.8722081582446635,0.004323557916971409,0.004275920634321374
mcq,14,15.658853021188449,0.3174435180623559,0.8644797128581523,0.004103711253709932,0.004103469433233652
mcq,15,16.651611728248255,0.3273537666306557,0.8571090067112769,0.0039017317370548597,0.003939432203028658
mcq,16,17.59256752729114,0.33647707388611897,0.8502376717154793,0.003704177637993996,0.0037706432279568875
mcq,17,18.500639697803663,0.34505312548377864,0.8437093559310995,0.00352508185162163,0.0036133503694930993
mcq,18,19.37156043878748,0.3530827589218613,0.8375412412580757,0.003362230503868427,0.0034683432297105284
mcq,19,20.19992478725511,0.3605539985316713,0.8317577642191909,0.003232597604978457,0.0033519448893666267
mcq,20,20.98450049694328,0.36749007612252643,0.8263528856427838,0.0031241968527152162,0.0032536748439731286
mcq,21,21.725573620618775,0.3739231544114219,0.821312501644967,0.0030320827478593697,0.0031701122192324257
mcq,22,22.42356522740657,0.3798823310766227,0.8166212640232962,0.002950129190496613,0.003095779200227091
mcq,23,23.077725218816738,0.3853832667867511,0.8122738656734614,0.002881783450988391,0.003032762112109759
mcq,24,23.689494765762596,0.3904572942203633,0.8082505057758061,0.0028242043726777106,0.002978351511130406
mcq,25,24.261091823402847,0.3951389284187151,0.8045277420584531,0.002771130811539349,0.0029278245364089553
mcq,26,24.794082621164787,0.3994546352080799,0.8010875894619117,0.0027228954452400388,0.002881880350923442
mcq,27,25.28966290683454,0.4034257101665405,0.797914575362302,0.0026840250524800004,0.0028426604246143336
mcq,28,25.750956048396066,0.40708705514498217,0.7949842075631007,0.0026519163154663586,0.0028108812176031585
mcq,29,26.17985196625099,0.4104618090667845,0.792279064164392,0.0026219069496002333,0.002781706369068627
mcq,30,26.57789705221832,0.4135690215128506,0.7897851714659614,0.0025947960189361442,0.002755300314717245
mcq,31,26.946511603826625,0.4164256612243223,0.787489996471327,0.0025700610896453543,0.0027305358572183116
mcq,32,27.287468502715928,0.41905048855907473,0.7853792306870612,0.0025478728045899707,0.002708248069223776
mcq,33,27.602222815001287,0.4214589513690457,0.7834411852279711,0.0025254679504294907,0.002685766923093765
mcq,34,27.892658612602943,0.42366906970469576,0.7816615081355426,0.0025051642929912942,0.002665370299069602
mcq,35,28.16025415489768,0.42569511464828286,0.7800291150421038,0.0024866944604252953,0.002646826241425255
mcq,36,28.406467743270728,0.4275506869933314,0.7785333566179313,0.0024700592778885097,0.002630052404901618
mcq,37,28.632774625351708,0.42924906715827704,0.777163719062011,0.0024550173777908185,0.0026149297266910014
mcq,38,28.84058304638587,0.43080264251741124,0.7759103919825882,0.002441374364872964,0.0026012036782877084
mcq,39,29.031216382220514,0.43222283382202736,0.774764285528066,0.0024289095754249875,0.0025886506303414427
mcq,40,29.205913312276316,0.4335201522321975,0.7737170762250944,0.0024176270081972054,0.002577310418844917
mcq,41,29.365872022934635,0.43470457183932665,0.7727608144821964,0.002407516969071672,0.0025671642998274144
mcq,42,29.512259516300016,0.4357856346301426,0.7718878233902708,0.0023983404110651846,0.0025579513702606413
mcq,43,29.646127327116265,0.4367718571020733,0.7710912857899268,0.0023900058053541303,0.002549570223042425
mcq,44,29.76842218352038,0.43767084273488155,0.7703651357466151,0.002382738774443372,0.002542223675648104
mcq,45,29.880121540740156,0.438490300984944,0.7697031530787404,0.0023761816607341417,0.0025355971239819897
mcq,46,29.98209261923121,0.43923702976301154,0.7690998565961438,0.0023702332800662174,0.0025295848513323593
mcq,47,30.07512838225654,0.43991719853644123,0.7685502840368245,0.0023648408665538577,0.0025241272002187267
mcq,48,30.15994311765931,0.4405363321543304,0.7680500124033248,0.0023600165703147108,0.0025192307619945867
mcq,49,30.237246701195488,0.4410998630182875,0.7675946462477378,0.00235564144274033,0.0025147729485350003
mcq,50,30.307687920040863,0.4416127294057492,0.7671801936971903,0.002351675130361966,0.0025107309415088527
mcq,51,30.371843763435425,0.44207930495417447,0.7668031326169368,0.0023480922693861705,0.002507077180024207
mcq,52,30.430238555113174,0.44250354710011475,0.7664602791305655,0.0023448129473208454,0.0025037342241614703
mcq,53,30.483379834456056,0.4428892612396937,0.7661485529048866,0.002341888863777563,0.0025007488179884215
mcq,54,30.53173613466625,0.4432399467285883,0.7658651259151552,0.0023392419617368093,0.0024980454557148937
mcq,55,30.57571938572706,0.4435586722833803,0.765607523966322,0.0023368427689477345,0.0024955966746020098
mcq,56,30.61570718614755,0.4438482417929564,0.7653734809058245,0.0023345941012189045,0.0024933084296417736
mcq,57,30.652055775220447,0.44411129061742205,0.7651608684516458,0.0023325615029473256,0.002491238843516213
mcq,58,30.685095185776333,0.4443502533493012,0.7649677199420962,0.002330722831591538,0.002489365976383238
mcq,59,30.71511423202818,0.4445672568746417,0.7647923204942398,0.0023290606391823247,0.002487673083851719
mcq,60,30.742376440753468,0.444764237697242,0.764633103464604,0.002327494389305377,0.0024860879835175566
mcq,61,30.767134570072212,0.44494304817472535,0.7644885682925874,0.0023260911416421617,0.0024846627075395993
mcq,62,30.789619002103397,0.4451053736644099,0.7643573565404965,0.0023248217552301565,0.0024833730043949316
mcq,63,30.81003163394586,0.4452526893380604,0.7642382766165898,0.0023236691058758255,0.00248220306323424
mcq,64,30.828554251971028,0.44538632180998244,0.7641302618868085,0.0023226383283079877,0.0024811555208224738
mcq,65,30.845361329530014,0.4455075418468372,0.764032284443105,0.0023217083351649266,0.0024802066991580335
mcq,66,30.860614178570245,0.4456175228760662,0.7639433902855627,0.0023208669814493714,0.0024793481550631894
mcq,67,30.874449509197458,0.4457172585775977,0.7638627806926549,0.002320168616699434,0.0024786411180524803
mcq,68,30.8869944075213,0.4458076720210889,0.7637897091433644,0.0023195368384790064,0.0024780020983788563
mcq,69,30.898367308612244,0.44588962243655195,0.7637234726947477,0.002318982396343861,0.0024774363833901347
mcq,70,30.908682279764683,0.4459639363035182,0.7636634084877979,0.0023184812372148695,0.002476924762656897
mcq,71,30.91803357264441,0.446031296316378,0.7636089667364259,0.002318023165061988,0.002476459296753268
mcq,72,30.9265061633455,0.4460923177207489,0.7635596532969233,0.0023176260273611187,0.0024760574939794197
mcq,73,30.93418437593446,0.44614761039396467,0.7635149685479775,0.0023172732409181516,0.002475699082707258
mcq,74,30.941145064165646,0.4461977299053623,0.7634744645696759,0.0023169534507444683,0.002475373883246567
mcq,75,30.9474527926065,0.4462431427689503,0.7634377657948502,0.00231665129297096,0.00247506717540626
mcq,76,30.953163893716756,0.4462842558440729,0.7634045462162081,0.0023163841700046084,0.0024747969374917735
mcq,77,30.958336267159694,0.4463214873130821,0.7633744627255592,0.0023161512531268574,0.0024745595064757336
mcq,78,30.96302331904602,0.44635522259275434,0.7633472042152044,0.002315939577140889,0.0024743435560131096
mcq,79,30.967269361612782,0.4463857813403454,0.7633225130847665,0.0023157381089528527,0.0024741396151173726
mcq,80,30.97111036851414,0.44641342325575584,0.7633001843282141,0.002315581686432799,0.002473981248906182
mcq,81,30.974588075629356,0.44643844905678626,0.7632799676490809,0.0023154412451887115,0.002473839545429603
mcq,82,30.977738250154097,0.44646111664110594,0.7632616559212411,0.0023153137196406776,0.002473710712244476
mcq,83,30.980589962311207,0.44648163546127567,0.7632450805248824,0.002315192502010575,0.0024735886504494288
mcq,84,30.983167111517425,0.4465001777648806,0.7632301048441797,0.0023150895396188637,0.0024734844228742536
mcq,85,30.98549817067914,0.4465169487230148,0.7632165602375459,0.0023149994850012222,0.0024733925947233123
mcq,86,30.987608921167833,0.4465321340718417,0.7632042963429495,0.0023149181989456685,0.00247330947120376
mcq,87,30.98951844964297,0.4465458712284018,0.763193203770533,0.0023148470655320525,0.002473236852462891
mcq,88,30.99124320468453,0.4465582787248576,0.7631831878317205,0.0023147843313414854,0.0024731743658643825
mcq,89,30.992803098273697,0.446569499854653,0.763174130395372,0.002314731353980933,0.002473121875558109
mcq,90,30.994215194041818,0.44657965752267004,0.7631659315354514,0.002314683021657236,0.0024730739375951293
mcq,91,30.99549156946374,0.44658883863727544,0.7631585224892488,0.00231463553182209,0.002473028179389531
mcq,92,30.996642917259283,0.44659712031229615,0.7631518419338766,0.0023145973318111704,0.002472991600820515
mcq,93,30.997683575546013,0.4466046055685934,0.7631458063023968,0.002314569289785249,0.00247296685316658
mcq,94,30.998625275924248,0.44661137890282404,0.7631403449462285,0.0023145438451463623,0.0024729444043322347
mcq,95,30.999476236463217,0.4466174994006837,0.7631354112450807,0.0023145228977316233,0.0024729257600308143
mcq,96,31.00024025025769,0.44662299451458626,0.7631309889248244,0.002314531066096245,0.002472935820804901
mcq,97,31.000929842436125,0.4466279542191781,0.7631269980414638,0.0023145413846539825,0.0024729491876680056
mcq,98,31.00155367458283,0.4466324408906627,0.7631233880044661,0.0023145501226191183,0.002472960682630273
mcq,99,31.002117650533073,0.4466364969780189,0.7631201252021595,0.0023145610441742755,0.0024729732030764856
mcq,100,31.002622899412568,0.4466401306073385,0.7631172043495541,0.002314581015412609,0.002472994213601184
mcq,101,31.003078066619643,0.4466434039997479,0.763114572388945,0.00231460442490708,0.002473017061823633
mcq,102,31.003489667944738,0.44664636404345337,0.7631121926157843,0.002314627229587426,0.0024730391568618016
mcq,103,31.0038599748293,0.4466490270286886,0.7631100540010854,0.0023146543733553156,0.002473066834432664
mcq,104,31.00419120159425,0.4466514088246925,0.7631081415725731,0.002314679629427226,0.0024730938438736285
mcq,105,31.004489525310305,0.44665355395370376,0.7631064186798273,0.002314699263274229,0.0024731145772256785
mcq,106,31.004759182153787,0.4466554929278969,0.7631048614090444,0.0023147175302920464,0.002473133585619287
mcq,107,31.005001651117347,0.44665723635470217,0.7631034626061975,0.002314747132023258,0.002473163439104731
mcq,108,31.005217634138276,0.44665878925771935,0.7631022181711157,0.0023147731888276285,0.002473189733956765
mcq,109,31.00541144269298,0.4466601826596012,0.7631011020210933,0.0023147983219581974,0.0024732145647063234
mcq,110,31.005586567225198,0.44666144171198346,0.7631000937489555,0.0023148218310765196,0.0024732376143690132
mcq,111,31.00574324069102,0.4466625680446095,0.7630991927399391,0.002314846485890697,0.0024732623954405596
mcq,112,31.00588140547648,0.44666356130280876,0.7630984000783808,0.0023148770677242675,0.002473292619859245
mcq,113,31.006004819130546,0.44666444846460657,0.7630976921566691,0.0023149080652617826,0.002473323231908936
mcq,114,31.006116172791746,0.4466652489161183,0.763097053489534,0.0023149362005020243,0.0024733509312866143
mcq,115,31.006214894427675,0.446665958451318,0.7630964898206806,0.0023149690926830514,0.0024733849798421795
mcq,116,31.006301154791267,0.44666657835439805,0.7630959996687646,0.0023150085734415446,0.002473425474048722
mcq,117,31.006377955283703,0.4466671302183346,0.7630955628187055,0.002315043400365726,0.0024734616547645505
mcq,118,31.006447285232916,0.44666762838207674,0.7630951684623356,0.0023150741360005397,0.0024734934809653654
mcq,119,31.00650872289892,0.4466680697907225,0.7630948201254456,0.002315102398355739,0.002473522270328842
mcq,120,31.006561845199784,0.4466684513477695,0.7630945191666026,0.0023151246640600903,0.0024735460920407197
mcq,121,31.00660886838598,0.4466687890223509,0.7630942544359478,0.0023151449998384246,0.0024735683189459775
mcq,122,31.006651231968284,0.44666909322369325,0.763094016050865,0.002315163058310949,0.002473587927586551
mcq,123,31.00668850148947,0.44666936080141,0.7630938071312692,0.002315179636671782,0.002473606026299007
mcq,124,31.00671995169866,0.4466695865502004,0.7630936324657273,0.0023152006968785604,0.0024736288017762212
mcq,125,31.00674703775498,0.4466697809125568,0.7630934827705805,0.0023152194649112023,0.0024736490476933567
mcq,126,31.006771419870603,0.4466699558598056,0.7630933481140278,0.002315237353894061,0.0024736680950909994
mcq,127,31.00679143760995,0.4466700994027743,0.7630932398265621,0.002315259984283221,0.002473692598151021
mcq,128,31.00680734520517,0.44667021333855955,0.7630931556856214,0.0023152831520091553,0.002473717606239228
mcq,129,31.006820731595436,0.446670309125584,0.7630930863655917,0.0023153046350179976,0.00247374069573182
mcq,130,31.006832686599303,0.4466703946543186,0.7630930246533166,0.0023153240519874154,0.0024737615567036234
mcq,131,31.00684253754044,0.4466704650561329,0.7630929756838235,0.002315342649956389,0.002473781107420213
mcq,132,31.006849704142216,0.4466705161337006,0.763092942697669,0.002315362687667253,0.0024738019089626463
mcq,133,31.00685552530657,0.4466705575134481,0.7630929165059299,0.0023153755817002493,0.002473815240040596
mcq,134,31.006860768276063,0.44667059476994364,0.7630928929577578,0.0023153865700136825,0.002473826530625931
mcq,135,31.006864623106864,0.4466706220626496,0.7630928779807894,0.002315406974471099,0.0024738469979506167
mcq,136,31.006865597634572,0.4466706286068068,0.7630928808836357,0.002315430705115914,0.0024738702662923102
mcq,137,31.006865588000814,0.4466706280869894,0.7630928888341667,0.0023154527909784233,0.0024738916987986953
mcq,138,31.00686548018034,0.44667062689590026,0.7630928968027683,0.0023154732795659812,0.0024739115825026833
mcq,139,31.006863860778424,0.4466706148160502,0.7630929144292535,0.002315496778829931,0.0024739359825818193
mcq,140,31.00685991870086,0.446670586000959,0.7630929464645595,0.002315524275560332,0.0024739643524521048
mcq,141,31.006855847941395,0.4466705562707701,0.763092979687549,0.002315551124731744,0.0024739917677535994
mcq,142,31.00685207110434,0.44667052868109647,0.7630930103157721,0.002315574751643477,0.002474015834980161
mcq,143,31.006847878502533,0.44667049811227155,0.7630930435856168,0.0023156000508666686,0.0024740420998898478
mcq,144,31.00684229618809,0.4466704575547335,0.7630930853196011,0.002315627969686762,0.0024740710173082547
mcq,145,31.006836375448255,0.4466704145518837,0.7630931282669461,0.002315653772794934,0.0024740978706259435
mcq,146,31.006830944368936,0.4466703751024997,0.7630931676861852,0.0023156778165075434,0.00247412284644392
mcq,147,31.006825269674987,0.4466703339091658,0.763093208861798,0.0023157080503762467,0.0024741539962257315
mcq,148,31.00681811664788,0.4466702820795873,0.7630932587111419,0.0023157391016338296,0.0024741859044357796
mcq,149,31.00681051143588,0.446670227002575,0.7630933098870908,0.002315767005172512,0.0024742140048249614
mcq,150,31.00680359715809,0.4466701769222183,0.7630933563920842,0.002315792512289247,0.0024742396646342093
mcq,151,31.006796804781377,0.44667012771293146,0.763093402314135,0.002315821867513911,0.002474269648037924
mcq,152,31.006788862011614,0.4466700701844735,0.7630934553539674,0.002315851222628729,0.002474299980619766
mcq,153,31.006780309462957,0.4466700082816254,0.763093510704815,0.0023158774765065066,0.0024743273235666857
mcq,154,31.006772529745163,0.44666995196811354,0.7630935611739849,0.0023159015993796045,0.002474352386377945
mcq,155,31.006764991924328,0.44666989739791685,0.7630936107392373,0.002315930066010994,0.0024743816696976713
mcq,156,31.006756006027988,0.446669832450527,0.7630936690412234,0.002315960658703373,0.0024744125003368297
mcq,157,31.00674675305979,0.4466697656063817,0.7630937279178773,0.0023159876269730232,0.002474439961060737
mcq,158,31.006738421535392,0.44666970541425544,0.7630937810110462,0.0023160125485318208,0.002474465188778977
mcq,159,31.00673024397021,0.44666964631687733,0.7630938338955745,0.0023160420160261317,0.0024744952948104163
mcq,160,31.006720782753757,0.44666957805135576,0.7630938958045973,0.002316078302120815,0.0024745323952728914
mcq,161,31.00671154293797,0.446669511364918,0.7630939556168068,0.0023161088297907646,0.0024745631957434075
mcq,162,31.006703173562833,0.4466694509564059,0.7630940097498896,0.0023161363481609605,0.0024745907699500534
mcq,163,31.006694853427028,0.4466693908765484,0.7630940644931146,0.002316163172941988,0.002474619293621247
mcq,164,31.006685702320635,0.4466693248257982,0.7630941250412818,0.0023161964705379246,0.002474654659482108
mcq,165,31.006676395389473,0.446669257654677,0.7630941856053429,0.0023162240286516726,0.0024746841716405702
mcq,166,31.00666795822162,0.44666919675644995,0.7630942404578243,0.0023162486525271885,0.0024747104638187336
mcq,167,31.006659763493154,0.44666913757402943,0.7630942949667127,0.0023162751744916434,0.002474739303243286
mcq,168,31.00665055599624,0.44666907108179954,0.7630943557656431,0.002316301186750452,0.002474767524460551
mcq,169,31.006641459877574,0.4466690053890523,0.7630944157006011,0.0023163281391201627,0.002474796167499931
mcq,170,31.006633164541963,0.4466689454805211,0.7630944703679912,0.002316352939889415,0.0024748222732750985
mcq,171,31.00662502813669,0.4466688867046517,0.7630945250955458,0.0023163842639848625,0.002474854811243677
mcq,172,31.00661552993964,0.4466688181247189,0.7630945886955061,0.0023164208528233796,0.0024748917226375534
mcq,173,31.006606018332743,0.4466687494416375,0.7630946520060508,0.002316457569600711,0.002474928360807532
mcq,174,31.00659745067777,0.4466686875707517,0.7630947091048818,0.0023164907885860025,0.002474961389167814
mcq,175,31.006589078340276,0.4466686271085405,0.7630947654221117,0.0023165277579337315,0.0024749985482316757
mcq,176,31.006579705925812,0.44666855937028427,0.7630948276220172,0.0023165637649457155,0.0024750355267975227
mcq,177,31.006570298688345,0.4466684913813768,0.7630948888600219,0.0023165924691917117,0.002475065171752341
mcq,178,31.006561756812857,0.44666842964131426,0.7630949446509366,0.0023166185616265915,0.002475091961257165
mcq,179,31.006553427364654,0.4466683694483967,0.7630949996218276,0.0023166475270358596,0.0024751219649289647
mcq,180,31.00654382047499,0.44666830011161035,0.7630950625478753,0.0023166795586511443,0.0024751543024157893
mcq,181,31.00653414399832,0.4466682302851011,0.7630951250317881,0.0023167090632330687,0.0024751835139631456
mcq,182,31.006525409718424,0.44666816725371444,0.7630951815042782,0.0023167352649014353,0.0024752093872153777
mcq,183,31.006516877247627,0.44666810567941867,0.7630952377744235,0.002316757612015176,0.002475232631215237
mcq,184,31.006507016236807,0.4466680345119003,0.7630953030595206,0.002316782560401419,0.0024752586831490913
mcq,185,31.006496836506948,0.44666796105753204,0.7630953695492002,0.0023168091947594937,0.0024752848702231096
mcq,186,31.006487622865052,0.44666789456909195,0.7630954297906684,0.0023168339718453662,0.0024753090337290844
mcq,187,31.00647830580958,0.4466678273098073,0.7630954916715978,0.0023168579818312043,0.002475333687002769
mcq,188,31.006468156979977,0.4466677540816527,0.7630955588912618,0.0023168837779040663,0.0024753599307526966
mcq,189,31.006458052298655,0.44666768116490463,0.7630956250408829,0.0023169057305685936,0.0024753817493178725
mcq,190,31.006448952363314,0.4466676154926907,0.7630956847105006,0.002316924896232927,0.002475400671572275
mcq,191,31.0064397802983,0.44666754927546387,0.7630957454676954,0.0023169440901139927,0.002475421378766223
mcq,192,31.006429753123022,0.4466674768792056,0.7630958118712049,0.002316967952272205,0.002475446582275543
mcq,193,31.00641973749618,0.4466674045732783,0.7630958774067805,0.002316990154086107,0.002475469451874768
mcq,194,31.006410698662563,0.44666733931226815,0.7630959365875898,0.00231700997339963,0.002475489681501889
mcq,195,31.006402000051757,0.4466672764867319,0.7630959943026253,0.002317032170996168,0.0024755123726566486
mcq,196,31.006392538778513,0.44666720814426686,0.7630960565583982,0.0023170604103416766,0.0024755405410225376
mcq,197,31.00638296917758,0.44666713902764255,0.7630961183182045,0.002317079887929038,0.0024755596524046906
mcq,198,31.006374355357547,0.44666707681034373,0.7630961739706964,0.002317096739826253,0.002475576009116736
mcq,199,31.006365961880185,0.4466670161755419,0.7630962287599274,0.002317115442598268,0.0024755948036817715
mcq,200,31.00635703264433,0.4466669517020286,0.7630962868965645,0.0023171362992116507,0.0024756155490643114
mcq,201,31.00634825535611,0.44666688831297213,0.7630963441980944,0.002317158366664255,0.002475636946350529
mcq,202,31.00634037058367,0.44666683135781754,0.7630963959136687,0.0023171776601591206,0.0024756555534388336
mcq,203,31.00633274825758,0.4466667762972073,0.7630964462254386,0.002317201771706887,0.002475678568650128
mcq,204,31.006324437250516,0.4466667162656667,0.7630965003633314,0.0023172259641446166,0.0024757016497943918
mcq,205,31.006316369870486,0.44666665796840654,0.7630965538077754,0.0023172510034916963,0.002475724867683074
mcq,206,31.006309156859324,0.4466666058349084,0.7630966017449092,0.0023172732334945352,0.002475745277808709
mcq,207,31.00630190879062,0.44666655343470085,0.763096650925713,0.0023172968470748013,0.002475768449617946
mcq,208,31.00629378667335,0.44666649470462166,0.7630967054684756,0.0023173240931375796,0.0024757950673633647
mcq,209,31.00628571540477,0.4466664363507391,0.7630967593783086,0.002317353104559528,0.002475823140402992
mcq,210,31.00627841446673,0.4466663835597925,0.7630968082909126,0.0023173796677942817,0.0024758487855811445
mcq,211,31.006271481830293,0.44666633342800827,0.7630968552184733,0.0023174089622275676,0.002475876237132851
mcq,212,31.006263694338067,0.4466662771053995,0.7630969079863142,0.0023174395895005297,0.00247590515049926
mcq,213,31.00625578540693,0.4466662199045536,0.7630969606500141,0.0023174658063416335,0.00247592940826195
mcq,214,31.006248660282893,0.4466661683657366,0.7630970081401741,0.0023174894621130057,0.0024759509860509165
mcq,215,31.006242199767218,0.4466661216168557,0.763097051897233,0.0023175130508870647,0.002475972275457362
mcq,216,31.00623510116659,0.4466660702551324,0.7630971000616339,0.0023175388585905715,0.0024759953287682075
mcq,217,31.00622781478204,0.44666601756282265,0.7630971491315979,0.0023175606097839635,0.002476013710215541
mcq,218,31.0062212821566,0.4466659703199047,0.7630971933227072,0.0023175807949012074,0.0024760306896069273
mcq,219,31.006215213029666,0.446665926421975,0.7630972351611902,0.002317608004865402,0.0024760544070225837
mcq,220,31.006208456847602,0.4466658775468407,0.7630972818909333,0.0023176366894216115,0.0024760797968751565
mcq,221,31.00620161926164,0.446665828091815,0.763097328537158,0.002317662709553713,0.0024761025865074017
mcq,222,31.00619551466713,0.4466657839317963,0.7630973704117922,0.0023176861837901365,0.0024761230484368446
mcq,223,31.006189750395095,0.44666574221498145,0.7630974108067784,0.00231771238694475,0.002476146429611265
mcq,224,31.006183232208382,0.446665695071594,0.7630974572614797,0.0023177443680845247,0.0024761758074471093
mcq,225,31.006176817984876,0.44666564865103187,0.7630975033452082,0.002317773266782603,0.0024762023415388907
mcq,226,31.00617108491799,0.4466656071529763,0.7630975447013384,0.002317799126009046,0.0024762259861414527
mcq,227,31.006165465746555,0.4466655664505246,0.7630975865388738,0.002317828445052399,0.0024762531671685324
mcq,228,31.006159320202194,0.44666552192396675,0.763097631874518,0.0023178571109216915,0.0024762804568047446
mcq,229,31.006152890889116,0.44666547535895573,0.7630976775529374,0.0023178812943143033,0.0024763029460973655
mcq,230,31.00614707781099,0.4466654332491623,0.7630977189878071,0.002317902942091537,0.0024763231165786407
mcq,231,31.006141444100628,0.4466653924358531,0.7630977596622827,0.002317927689309488,0.0024763469391960438
mcq,232,31.006134786662944,0.44666534422108867,0.7630978067200687,0.0023179562306107865,0.002476374330052492
mcq,233,31.006128032790357,0.4466652953338202,0.7630978534155144,0.0023179838269022424,0.0024764007796480173
mcq,234,31.006121968366834,0.44666525142695285,0.7630978954968282,0.0023180092924427907,0.0024764251435142174
mcq,235,31.006116234111417,0.44666520988924086,0.7630979360489026,0.002318033902614362,0.0024764495470750887
mcq,236,31.00611001030256,0.44666516481424706,0.7630979796183345,0.002318061455570401,0.002476476430442736
mcq,237,31.006103651158003,0.4466651187833606,0.7630980233470707,0.0023180860782081474,0.002476500037530728
mcq,238,31.006097909777186,0.4466650772229661,0.7630980629353787,0.002318108327438585,0.002476521171208691
mcq,239,31.006092383433813,0.44666503719594414,0.7630981021873585,0.0023181342165288533,0.0024765465582588
mcq,240,31.006086103423396,0.4466649917236339,0.7630981461675875,0.002318159470859597,0.002476571329018538
mcq,241,31.006079453038144,0.4466649436036256,0.763098191783947,0.0023181839772005975,0.0024765954119045732
mcq,242,31.00607348863717,0.4466649004460436,0.7630982327589912,0.0023182064979854625,0.002476617301127074
mcq,243,31.00606787351173,0.4466648598137943,0.7630982718609142,0.0023182298769135177,0.0024766406371257766
mcq,244,31.006061153071776,0.446664811182349,0.7630983179214429,0.0023182543371531145,0.002476664773326362
mcq,245,31.006054412169153,0.4466647624022893,0.7630983642152067,0.002318279470739699,0.002476689492914623
mcq,246,31.006048405277625,0.446664718930042,0.7630984055771749,0.0023183028913993085,0.0024767123734263175
mcq,247,31.006042855313368,0.44666467877494526,0.7630984446310374,0.002318330746100502,0.0024767392804662114
mcq,248,31.006035950928986,0.446664628844108,0.7630984923406569,0.0023183593581132264,0.002476766450092739
mcq,249,31.006029026941388,0.4466645787779899,0.7630985394075468,0.0023183815548558128,0.0024767867530619994
mcq,250,31.006022792419127,0.44666453369174836,0.763098581895868,0.002318402374939316,0.0024768056071267247
mcq,251,31.00601659827805,0.44666448890846006,0.7630986247637127,0.0023184283577009058,0.002476829444856922
mcq,252,31.006009622744163,0.4466644384663896,0.7630986724994554,0.002318455048350188,0.0024768537876709634
mcq,253,31.006002645595693,0.446664388021263,0.763098719872504,0.0023184802091641725,0.0024768758702957703
mcq,254,31.005996386957126,0.4466643427632592,0.7630987625770995,0.0023185030653224497,0.002476895795407905
mcq,255,31.005990711519775,0.4466643017115744,0.763098801837989,0.0023185263653144263,0.0024769159130632284
mcq,256,31.005984554570357,0.4466642571640455,0.7630988440349478,0.002318549132471019,0.002476935424815867
open,0,1.0,0.08022425232426099,0.9900969047089908,,-8.860406343724125e-05
open,1,1.7713413159743796,0.10677164371853619,0.9825931265348247,0.011382505261727781,0.006056425918779979
open,2,2.798155287844304,0.1341959443489765,0.9727780901083989,0.011380062384367645,0.008376212387674702
open,3,3.936758987398809,0.15917187540339212,0.962115033133987,0.009958630956623813,0.008259203564345684
open,4,5.166571376367108,0.18234532055566058,0.9508517352110625,0.008824118544345328,0.007800271940448906
open,5,6.420489169947928,0.20327085437751796,0.9396304831512164,0.00802839420734861,0.007359479548705591
open,6,7.642571712783485,0.22177384892172936,0.9289382757119145,0.007440536966589052,0.006976369410582235
open,7,8.847022234531478,0.2386095060751962,0.9186301325752536,0.006818876848788351,0.0064850600896645865
open,8,10.02619189374499,0.2540138911078475,0.9087525587035571,0.006320284441339826,0.006082024779812832
open,9,11.200594606451615,0.2684791770891264,0.8991227357304801,0.005907788252829454,0.00573389277447391
open,10,12.352546040084077,0.2819484079963542,0.8898692732092383,0.005505840671446118,0.005385017974583518
open,11,13.464132345275761,0.29436208448069173,0.8811178465936128,0.005219944399248644,0.005134313815972323
open,12,14.543190868174078,0.3059313353369335,0.8727864206421149,0.005012055036263015,0.0049443749174768485
open,13,15.582723326516788,0.31667739701963254,0.8649062457964172,0.004791166930601745,0.004744999319421325
open,14,16.58342856894693,0.32668844397997987,0.8574540656786197,0.0046128103026802135,0.004584505471524267
open,15,17.540539604179784,0.33598434015404843,0.850444694988439,0.004473650419061345,0.004455439675467131
open,16,18.45585691690779,0.3446398633585434,0.8438476793892872,0.004343802764624953,0.004334280239593623
open,17,19.32138829441097,0.35262921922070734,0.8377039458780426,0.004261264307698668,0.0042531461152704566
open,18,20.145592567138422,0.3600723058487407,0.8319357506350503,0.004180224477156111,0.004172559161879468
open,19,20.926742213799415,0.3669871594238062,0.8265412432236283,0.004100547674422198,0.00409276790582592
open,20,21.664887135344564,0.3734035332041058,0.8215073099154976,0.004022305240849029,0.004015103638497655
open,21,22.36004115980836,0.37934680657133585,0.8168221863826545,0.003953059691253069,0.003946509016893951
open,22,23.012092203831866,0.3848379445566824,0.8124763028006138,0.003893246776065888,0.003887020819013054
open,23,23.62253321621729,0.3899083730416978,0.8084496412194169,0.003841461524959652,0.003835046715940695
open,24,24.192491184057896,0.3945835111101551,0.8047259257109383,0.0037928517338099424,0.0037870705367876447
open,25,24.72339216823931,0.3988887741497291,0.8012886093015827,0.003752478980936761,0.003747108623091594
open,26,25.216976063506003,0.4028499454789208,0.7981192717142974,0.0037143432299267536,0.0037091742727511645
open,27,25.674934982628326,0.4064905089978481,0.7952011226537364,0.0036789059945974904,0.003674036539935178
open,28,26.098989200440407,0.4098325426629877,0.7925181675942736,0.0036468482027721028,0.003642350205277553
open,29,26.491077888936307,0.4128984355058963,0.7900537691383468,0.0036174184828606398,0.003613280414526396
open,30,26.85314062722592,0.4157093326204943,0.7877918344800141,0.0035910386502628093,0.0035871964882156077
open,31,27.186999875911294,0.41828441668415944,0.7857177128995526,0.003567208575395473,0.003563600163939233
open,32,27.49435495554226,0.4206410336375143,0.7838180360671999,0.003545744643071024,0.003542337092395325
open,33,27.777074076819353,0.42279707249331394,0.78207884518428,0.003526655490540345,0.003523412804502294
open,34,28.03670264585622,0.4247673068545998,0.7804885655329742,0.0035092625012745787,0.00350616178686084
open,35,28.27503282828839,0.42656784305079515,0.779034565309476,0.0034938996302275095,0.0034908579209105527
open,36,28.493660656771556,0.42821282195344584,0.7777055792936817,0.0034797257647542243,0.0034767474465293422
open,37,28.694023135547877,0.42971479594723283,0.7764916140860935,0.003466776555569717,0.0034638334123755373
open,38,28.877509057346042,0.4310856305844771,0.7753832964124746,0.0034551124307612246,0.0034522134643644752
open,39,29.04544726356781,0.432336465698884,0.774371722730943,0.0034443892047113177,0.003441549973309144
open,40,29.199043236627638,0.4334772898661021,0.7734489197393516,0.003434735068790064,0.0034319415686653648
open,41,29.339436576644506,0.4345174095193398,0.7726073871233042,0.003425719399921188,0.0034229842633830823
open,42,29.46767961806809,0.43546532236608443,0.7718403042488633,0.003417737998053516,0.0034150342649515715
open,43,29.584769402845172,0.43632898134885884,0.7711412962628642,0.00341046718643395,0.003407787010043264
open,44,29.691632247875752,0.4371157041415272,0.7705044644456817,0.003403789033636975,0.003401126443601712
open,45,29.78911536350733,0.43783212963463475,0.7699244482382444,0.003397611933338328,0.0033949790489627
open,46,29.87799340310095,0.4384842842810318,0.7693964133861437,0.0033918676601577546,0.0033893312483727037
open,47,29.959018571756065,0.4390779668174773,0.7689156759127611,0.0033866651551960644,0.0033841963415890868
open,48,30.03284659192712,0.43961821050652566,0.7684781925150249,0.003382050862327944,0.003379637014556205
open,49,30.10008676221742,0.4401096648110432,0.7680802048884422,0.0033779670273202875,0.0033755942504900232
open,50,30.16130911078599,0.44055665434833685,0.7677182150905384,0.0033743100196262686,0.0033719605961788604
open,51,30.21702794304145,0.4409630654204402,0.7673890849180564,0.003371023452730978,0.003368691402358698
open,52,30.26772661934766,0.44133253155164626,0.7670898821600762,0.0033680737111829915,0.003365764150621321
open,53,30.313846059163865,0.4416683558453253,0.7668179299006521,0.0033654104858786885,0.0033631167342496296
open,54,30.355777091840064,0.4419734569213329,0.7665708498023704,0.0033628229696466656,0.003360516711893265
open,55,30.393908015623758,0.4422507231475434,0.7663463192804937,0.0033605181957563836,0.0033582133075037513
open,56,30.42857312999322,0.44250263574770726,0.7661423186416224,0.0033583790112919447,0.0033560595443870886
open,57,30.4600833430239,0.4427314960437548,0.7659569864736958,0.0033564509540747367,0.0033541226876525787
open,58,30.48871722392163,0.44293936170924864,0.7657886654838391,0.003354703985649708,0.0033523773867277723
open,59,30.514728948204557,0.4431281066051094,0.7656358387596975,0.0033531273564921913,0.003350804497847213
open,60,30.538360003390828,0.4432995065605014,0.7654970517311046,0.0033516842544379427,0.0033493709795202023
open,61,30.559811957439173,0.4434550430025146,0.7653711148526777,0.0033503707075085293,0.0033480635805199026
open,62,30.579285914379685,0.44359619017242585,0.7652568336070021,0.0033491850422295395,0.003346888519431826
open,63,30.596963630678438,0.4437242788397481,0.7651531311568459,0.0033481445090858676,0.003345858115860702
open,64,30.613004224641887,0.4438404728565088,0.7650590629953875,0.0033471964876543255,0.0033449222626550207
open,65,30.62755275394061,0.4439458319917963,0.7649737737282082,0.003346346630168353,0.0033440854121981793
open,66,30.640751816661986,0.44404139639566526,0.7648964176234931,0.003345590922758449,0.0033433470532238697
open,67,30.652736445871497,0.4441281500538456,0.7648261973517663,0.0033448601137389716,0.0033426191374251973
open,68,30.663597935341524,0.44420675837995127,0.7647625757273772,0.003344263858545256,0.0033420355198640747
open,69,30.673434383769127,0.44427793481892935,0.7647049799342546,0.003343844374022388,0.0033416316912188854
open,70,30.682356377257488,0.4443424841653392,0.7646527468720172,0.0033434432370979547,0.003341244764115629
open,71,30.690445617843665,0.44440100040586955,0.7646053961670695,0.0033430705137726816,0.00334088395105634
open,72,30.697777016057476,0.4444540276991432,0.7645624885113421,0.0033427426434154937,0.0033405658746592727
open,73,30.70441695235662,0.4445020480618543,0.7645236375566415,0.003342476443996752,0.003340312535827839
open,74,30.7104322861677,0.4445455465406744,0.7644884481043202,0.003342220190050128,0.0033400708646809337
open,75,30.715880332099577,0.4445849390370566,0.7644565788109107,0.0033419616609190327,0.003339825677173335
open,76,30.72081366280788,0.4446206066461934,0.7644277259154791,0.003341725609592697,0.003339603713407663
open,77,30.72528327786347,0.44465291902106746,0.7644015912288687,0.003341489361975936,0.0033393767925727394
open,78,30.72933314674869,0.44468219476497356,0.7643779146997501,0.00334125816475965,0.0033391463170139445
open,79,30.733004240206164,0.44470873059334715,0.7643564525959446,0.003341038786415016,0.0033389225630543126
open,80,30.73632896529812,0.44473276122104427,0.7643370197962562,0.003340829016730078,0.003338701519746062
open,81,30.73934066180109,0.44475452814054744,0.7643194212021118,0.0033406414315577727,0.003338498070672382
open,82,30.74206910053123,0.44477424683995864,0.7643034804453939,0.003340462296775966,0.0033383015451786987
open,83,30.744539935503564,0.44479210303396005,0.7642890488075363,0.0033403156050973598,0.0033381329401120474
open,84,30.746775984111775,0.44480826178587807,0.7642759947452216,0.0033402015909575642,0.0033380006407500856
open,85,30.74880111973183,0.4448228958948021,0.7642641737284454,0.0033401026079067126,0.003337882986432166
open,86,30.750634189817134,0.4448361416251495,0.7642534783222905,0.0033400281943539926,0.0033377905342737886
open,87,30.7522909803186,0.44484811312763556,0.7642438165039646,0.003339965421256887,0.0033377080496428133
open,88,30.753784561768796,0.4448589049019905,0.764235113061382,0.003339916135098995,0.003337642890907673
open,89,30.75513484637156,0.44486866100286676,0.7642272461629374,0.003339870939326719,0.003337582376055019
open,90,30.75635774307726,0.44487749641249863,0.764220121690455,0.00333982088853614,0.003337516071290619
open,91,30.757464899571065,0.4448854952869257,0.7642136711436675,0.003339771580290995,0.0033374483496451724
open,92,30.75846778058148,0.4448927405746611,0.764207826875338,0.00333973215670955,0.003337388757628803
open,93,30.759376606297803,0.44489930615238205,0.7642025305606932,0.003339695922850872,0.0033373303861604633
open,94,30.760198614685134,0.44490524435983453,0.7641977404400436,0.00333965922455532,0.003337269446372311
open,95,30.760943575587472,0.4449106258190375,0.7641934001702202,0.0033396240491167803,0.0033372087606191488
open,96,30.761617355816412,0.4449154928781351,0.7641894769755538,0.0033395891644378423,0.003337149025265922
open,97,30.76222499711399,0.4449198820062872,0.7641859399172326,0.003339550203850615,0.0033370835436505497
open,98,30.76277448498059,0.4449238509014525,0.7641827405900712,0.0033395040681295863,0.0033370080307160315
open,99,30.76327103454908,0.4449274373144753,0.7641798509429714,0.003339442098906554,0.0033369189887404354
open,100,30.763719154612495,0.4449306736979825,0.7641772474071595,0.003339397456110262,0.0033368414371873017
open,101,30.764124934899858,0.4449336042077018,0.7641748908635941,0.003339359144782506,0.0033367716044480633
open,102,30.764490701516774,0.444936245663034,0.7641727686864568,0.0033393103002133996,0.003336694359190775
open,103,30.76482169273041,0.4449386359725419,0.7641708499331694,0.003339266301261996,0.003336624555585499
open,104,30.765120936548644,0.4449407969651381,0.7641691165997443,0.003339230277795788,0.0033365636255983204
open,105,30.765392132012572,0.44494275531233235,0.764167544459714,0.003339184979675269,0.003336495622706392
open,106,30.765636252196078,0.4449445181819126,0.7641661316920046,0.0033391508058887714,0.0033364436563281356
open,107,30.765856766804728,0.44494611053014166,0.7641648552617736,0.0033391142433524096,0.0033363905583779006
open,108,30.766055437814863,0.44494754512826507,0.7641637051219181,0.0033390772776476308,0.0033363403694594554
open,109,30.76623426810633,0.4449488365076891,0.7641626679000865,0.0033390331652837215,0.003336285225946559
open,110,30.766395828554092,0.444950003120966,0.7641617303618679,0.0033389889984588275,0.0033362307386248066
open,111,30.76654199285716,0.4449510585505809,0.764160884065009,0.003338950446074591,0.0033361852291243646
open,112,30.766674508326545,0.4449520154930332,0.7641601170884132,0.003338916984353063,0.0033361456026804953
open,113,30.76679269126663,0.4449528687758028,0.7641594313490067,0.00333886733513402,0.003336079067978101
open,114,30.766895704650224,0.4449536121953888,0.7641588307900505,0.003338796996224858,0.0033359798756599705
open,115,30.766988942466785,0.4449542850007012,0.764158288374705,0.0033387304096712685,0.0033358848561838377
open,116,30.767075081467432,0.44495490656167497,0.7641577876455514,0.003338673811800435,0.003335799825863546
open,117,30.767154599700593,0.44495548036958427,0.7641573258509922,0.003338629254712829,0.003335729171304151
open,118,30.767226500386688,0.4449559991543309,0.764156908454284,0.0033385829510738617,0.0033356574446436102
open,119,30.767291538673316,0.4449564683864491,0.7641565301853135,0.003338529529728076,0.0033355844636361745
open,120,30.767348525604866,0.4449568794378787,0.7641561988684545,0.0033384744598690475,0.003335512286239561
open,121,30.76740002948626,0.444957250884285,0.7641558982694833,0.003338409011862896,0.0033354323956153393
open,122,30.767447070952485,0.44495759003502533,0.7641556242679337,0.0033383461385717776,0.0033353559800347286
open,123,30.767490226155587,0.4449579011362528,0.7641553725736674,0.0033382790663581503,0.003335278081153594
open,124,30.767529346428375,0.4449581831038015,0.7641551464202392,0.003338210952462732,0.003335201091664157
open,125,30.76756504609803,0.4449584404107703,0.7641549401815677,0.0033381440181886857,0.0033351251068744377
open,126,30.76759671854872,0.44495866858523875,0.7641547562064309,0.003338066375731666,0.00333503840341292
open,127,30.76762536011709,0.44495887480638646,0.7641545900752876,0.0033379883008976714,0.003334950332831135
open,128,30.767651525006446,0.4449590630922732,0.7641544419158711,0.003337909540508279,0.003334861374885367
open,129,30.7676757421739,0.4449592373668904,0.7641543025984348,0.0033378328170413506,0.0033347747362839314
open,130,30.767697740723918,0.4449593956187598,0.7641541757314244,0.0033377471270304346,0.0033346820780882106
open,131,30.76771900682546,0.4449595487145389,0.7641540535195812,0.0033376711462046703,0.003334601540571819
open,132,30.76773787400385,0.44495968449352713,0.7641539455666262,0.00333759918722793,0.0033345279577947835
open,133,30.767754233183815,0.44495980218363407,0.7641538490926291,0.0033375119937215023,0.003334441533561878
open,134,30.767769489754905,0.4449599119176158,0.7641537576362316,0.003337423329535954,0.003334353657399071
open,135,30.767784070524357,0.4449600168030431,0.7641536685826755,0.0033373261352888047,0.0033342588191602866
open,136,30.76779803819643,0.44496011727522233,0.7641535824047203,0.0033372209107242687,0.0033341578200834603
open,137,30.767810332837957,0.4449602056735814,0.7641535066512192,0.0033371135741034606,0.0033340527971169
open,138,30.76782149092639,0.44496028587541303,0.7641534367101801,0.0033370048194462554,0.0033339460686154037
open,139,30.76783161313214,0.4449603585436242,0.7641533747232886,0.0033369003142485988,0.0033338402273625444
open,140,30.767841117909985,0.4449604267969199,0.7641533175843869,0.0033368114252915323,0.0033337473798399774
open,141,30.767849194120938,0.4449604847058274,0.7641532700013742,0.0033367227507619737,0.003333653758276925
open,142,30.76785772774628,0.44496054600140994,0.7641532197355249,0.0033366406553944944,0.003333564214351471
open,143,30.76786511799532,0.4449605990240614,0.7641531747061714,0.0033365579886244882,0.0033334735255993405
open,144,30.76787203851921,0.4449606486400443,0.764153131184465,0.003336470089035787,0.0033333786623073315
open,145,30.767878483088012,0.4449606948168583,0.7641530898148882,0.0033363821841389807,0.0033332826908475
open,146,30.76788453349885,0.4449607380886375,0.7641530516146247,0.0033362992263037843,0.0033331866446874156
open,147,30.76789016676232,0.44496077836414066,0.7641530150303181,0.003336205049624754,0.0033330811071273824
open,148,30.767896427248132,0.44496082318407965,0.7641529765367273,0.003336117839847021,0.003332982334855359
open,149,30.767902491531885,0.4449608665971932,0.764152938993252,0.00333603414144088,0.003332889756561678
open,150,30.767908714040978,0.4449609111860737,0.7641529000295944,0.0033359520255741098,0.003332801568781878
open,151,30.767914509741015,0.44496095271817787,0.7641528644679931,0.0033358781707090598,0.003332724337186375
open,152,30.767921556839415,0.44496100336574,0.7641528204379947,0.003335803746601686,0.003332649550346258
open,153,30.76792960380908,0.44496106127682794,0.7641527694970619,0.0033357357575910965,0.003332585164499764
open,154,30.767937792995777,0.4449611202450437,0.7641527173481796,0.0033356772015054404,0.0033325314250557954
open,155,30.76794594825311,0.4449611789810802,0.7641526670792099,0.0033356180508704865,0.0033324767383263107
open,156,30.767953865214064,0.4449612359684258,0.7641526191587482,0.0033355670605970888,0.0033324298105030297
open,157,30.767961856730206,0.44496129350644154,0.7641525698592141,0.0033355166710144256,0.0033323822055232972
open,158,30.767968030833295,0.444961337754776,0.7641525278162405,0.0033354465109027643,0.00333230897539189
open,159,30.76797427121906,0.4449613824969844,0.764152486825566,0.0033353796914125404,0.0033322391825780394
open,160,30.76797942109749,0.44496141931784006,0.7641524501331792,0.0033353001661728513,0.0033321554822710805
open,161,30.767985206255233,0.4449614608182622,0.7641524138456806,0.0033352355780447763,0.0033320850636638657
open,162,30.76799221105457,0.4449615112148685,0.7641523717544099,0.003335185539921236,0.0033320296003430945
open,163,30.768000799107725,0.4449615731705553,0.7641523228376071,0.0033351522437956053,0.0033319902882062253
open,164,30.76800750727997,0.4449616213634476,0.7641522816207454,0.00333509006068439,0.003331912771883117
open,165,30.76801446243461,0.4449616712755759,0.7641522387668978,0.003335026029850114,0.0033318341916340637
open,166,30.768020653122534,0.44496171571046444,0.7641522005843282,0.003334967250301068,0.003331764465290522
open,167,30.768026923196928,0.44496176066337856,0.7641521623190674,0.003334910269532911,0.0033317004492431877
open,168,30.768033584007856,0.44496180846044087,0.7641521197398516,0.0033348515602996823,0.003331636897711117
open,169,30.768040649139706,0.4449618591696286,0.7641520756127042,0.0033347914222352044,0.003331572449522028
open,170,30.768048492570017,0.44496191549897995,0.7641520271561515,0.003334733777082812,0.0033315132198420473
open,171,30.76805676512018,0.4449619749485586,0.7641519771907603,0.0033346821198657725,0.003331460738966665
open,172,30.768065504501212,0.4449620377087752,0.7641519243385676,0.0033346213330730174,0.0033313983569572764
open,173,30.76807163843947,0.4449620814568765,0.7641518835531845,0.0033345215436381285,0.0033312907124579782
open,174,30.768078179658566,0.44496212812888486,0.764151841121358,0.0033344210479576593,0.0033311835680257746
open,175,30.76808483289289,0.44496217564903856,0.7641518000799434,0.003334338077162404,0.0033310936980169605
open,176,30.768091058653088,0.4449622201020172,0.7641517618059621,0.003334256633447575,0.0033310063735045204
open,177,30.768096991684246,0.4449622624789881,0.7641517255143185,0.0033341827864165367,0.0033309284194049174
open,178,30.76810306816073,0.444962305928341,0.7641516883109812,0.003334107015388428,0.003330848911555902
open,179,30.768108844014034,0.44496234717177824,0.7641516547391062,0.0033340369443692597,0.0033307725460276875
open,180,30.768114780516008,0.4449623896220661,0.7641516194030153,0.0033339683245384873,0.0033306986290921217
open,181,30.768120935532316,0.4449624336046529,0.7641515853971633,0.0033339053440352246,0.003330627556470259
open,182,30.768126361863086,0.44496247234202374,0.7641515536358428,0.003333836388972062,0.0033305513932286508
open,183,30.768130555946264,0.4449625022165592,0.7641515279630706,0.0033337711794150906,0.0033304824181685697
open,184,30.768135524006414,0.44496253768573285,0.764151496781568,0.0033337105462704396,0.0033304195591106023
open,185,30.768141727634827,0.44496258209663514,0.7641514561252449,0.0033336503434694084,0.003330358560730375
open,186,30.768148756604134,0.4449626325386031,0.7641514112153364,0.0033335879383788116,0.003330295627418179
open,187,30.768156981539533,0.444962691737993,0.7641513588927863,0.003333518948097234,0.003330229457007433
open,188,30.76816565061376,0.4449627542418389,0.7641513055113538,0.0033334602050179517,0.00333017443760511
open,189,30.768174326073453,0.44496281681450217,0.764151253055325,0.0033334015421243933,0.0033301195143196163
open,190,30.768182818016314,0.44496287806351864,0.7641512010493953,0.0033333440807759205,0.003330066762404204
open,191,30.768190259416638,0.44496293170427265,0.764151155827028,0.003333286547332223,0.003330014948423037
open,192,30.768197463823107,0.44496298359698017,0.7641511113186541,0.0033332283938270766,0.003329962161167846
open,193,30.768205311613237,0.4449630401122505,0.7641510624452638,0.0033331729403540114,0.003329913042155043
open,194,30.76821301464397,0.44496309553787255,0.7641510137428619,0.003333120102470329,0.0033298660007346098
open,195,30.768220817217102,0.4449631516518192,0.7641509653129132,0.0033330727018924455,0.0033298229989200253
open,196,30.768228866351556,0.4449632095066269,0.7641509149795376,0.0033330239140206856,0.003329775504340004
open,197,30.768236608598528,0.44496326510316325,0.7641508669101914,0.0033329820988482724,0.003329734719865168
open,198,30.76824498243565,0.4449633252378146,0.7641508134642593,0.00333293228266292,0.00332968626776906
open,199,30.76825315709668,0.44496338388450657,0.7641507629675112,0.003332886177179259,0.003329642228469296
open,200,30.768261896134945,0.4449634466237345,0.7641507085540364,0.0033328418638396565,0.0033296001084753774
open,201,30.7682708792792,0.44496351115101984,0.7641506533599259,0.0033327994294553584,0.0033295601043414245
open,202,30.768280010321792,0.44496357674939635,0.764150596407406,0.0033327536295535676,0.003329517771271291
open,203,30.768289281235646,0.44496364334629696,0.7641505376741248,0.003332704557834645,0.00332947251415362
open,204,30.76829763739782,0.44496370328833174,0.7641504820847677,0.0033326331203633636,0.00332940197282618
open,205,30.76830433661897,0.4449637511087577,0.7641504311473588,0.003332510061807604,0.0033292686019773606
open,206,30.768312122425666,0.44496380687233456,0.7641503740536602,0.0033323980932601052,0.0033291485000353574
open,207,30.768320223034106,0.44496386492193013,0.7641503154925889,0.0033322982942878103,0.0033290407964291983
open,208,30.76832891493158,0.44496392728254325,0.764150254326449,0.0033322026135880318,0.0033289368933131108
open,209,30.768337285777584,0.4449639873991055,0.7641501957419919,0.0033321115678767456,0.0033288380495136364
open,210,30.768346124510778,0.44496405093125146,0.7641501338416753,0.0033320240026038996,0.0033287427245343717
open,211,30.768354855766738,0.44496411370944916,0.7641500718637836,0.0033319411105676216,0.0033286527734916744
open,212,30.76836406596769,0.4449641799772492,0.7641500077654122,0.0033318560225618437,0.0033285608779639203
open,213,30.768373420972953,0.44496424731664874,0.7641499440811328,0.0033317849340376198,0.0033284840115515592
open,214,30.768383118990506,0.44496431716100276,0.7641498797891944,0.0033317162952740615,0.003328407846137697
open,215,30.768393531032967,0.4449643922293972,0.7641498114943962,0.0033316552084596282,0.0033283417122749524
open,216,30.768403088754006,0.44496446109645216,0.7641497469167777,0.003331598354086945,0.0033282808937125027
open,217,30.76841238243937,0.444964528054982,0.7641496845541429,0.003331544599619017,0.00332822290150619
open,218,30.76842027418832,0.4449645848484072,0.7641496302495501,0.0033314818274278457,0.003328156403474764
open,219,30.76842873968676,0.44496464578919603,0.7641495727971671,0.0033314272711524135,0.0033280998418551222
open,220,30.76843715813078,0.44496470633559976,0.7641495171496063,0.003331375484411582,0.0033280465240319982
open,221,30.768445534882574,0.4449647666082122,0.7641494619193167,0.0033313240971377784,0.0033279959448454153
open,222,30.768453936420787,0.4449648270857493,0.7641494063856127,0.0033312879603869454,0.003327961815533548
open,223,30.76846179670409,0.4449648837116885,0.7641493536303845,0.003331257796435279,0.0033279340484233316
open,224,30.76846860480433,0.44496493270775506,0.7641493060138329,0.0033312295296184166,0.0033279089677075544
open,225,30.768475706513044,0.4449649838095104,0.7641492552328459,0.003331196863108762,0.0033278801553491533
open,226,30.768482730489346,0.4449650343359404,0.7641492059295892,0.003331162965118858,0.0033278491281617455
open,227,30.768489545532322,0.4449650833171903,0.7641491579617553,0.0033311186307882408,0.0033278079398567353
open,228,30.7684969540587,0.44496513660272036,0.7641491078815962,0.0033310768806063193,0.0033277685263204937
open,229,30.7685046244243,0.44496519174679267,0.7641490564933908,0.0033310238229506237,0.0033277174409190985
open,230,30.768512584696406,0.44496524901522744,0.7641490034964423,0.0033309718986533525,0.0033276681497412175
open,231,30.768520338940885,0.4449653048169579,0.76414895296587,0.0033309208062519656,0.003327620965289427
open,232,30.76852814443001,0.4449653610218432,0.7641489016104291,0.0033308771324212167,0.0033275823064819617
open,233,30.768535843296497,0.44496541642603005,0.7641488511541935,0.003330832797301031,0.0033275424853000724
open,234,30.76854339374595,0.4449654707710839,0.7641488022431199,0.0033307923148215386,0.003327507974226257
open,235,30.768550147133567,0.44496551931278633,0.7641487582669535,0.00333075655732029,0.0033274776189434435
open,236,30.768556179769035,0.4449655625988599,0.7641487186761482,0.003330725603144824,0.0033274516085444383
open,237,30.7685629110239,0.4449656109656365,0.7641486760335122,0.0033306953697117597,0.0033274273051602183
open,238,30.768569631236456,0.44496565928684945,0.7641486350495439,0.0033306672473091816,0.0033274059485483517
open,239,30.768576911612794,0.4449657116692785,0.7641485908129548,0.0033306477139361658,0.003327392327740966
open,240,30.7685845416092,0.44496576655765924,0.7641485446518936,0.0033306317886350315,0.003327380473954263
open,241,30.76859324095173,0.44496582917879274,0.7641484928921171,0.0033306191961947505,0.0033273712915390555
open,242,30.768602601761756,0.44496589657792945,0.764148435893315,0.0033305970409927563,0.003327353263441534
open,243,30.76861241857619,0.4449659672987324,0.7641483755216892,0.0033305768357057264,0.0033273381716582367
open,244,30.768622622494856,0.4449660407788469,0.7641483133776992,0.003330556998499614,0.0033273243191304022
open,245,30.768632294573855,0.4449661104102645,0.7641482538418402,0.0033305415830680437,0.003327315635171652
open,246,30.768642002710077,0.4449661803214316,0.764148193005705,0.0033305314271681254,0.0033273123802865334
open,247,30.76865112128534,0.4449662460211526,0.76414813573939,0.003330527363288628,0.003327316247010499
open,248,30.768660027289364,0.4449663101990871,0.7641480794407691,0.00333052590645724,0.003327322399475066
open,249,30.768667424243922,0.4449663633210234,0.7641480295107934,0.0033305073370456886,0.003327306880547554
open,250,30.768674877472833,0.444966416824265,0.7641479813947134,0.0033304794398380795,0.003327280594676956
open,251,30.768681844554592,0.4449664667674698,0.764147935851727,0.003330440070014921,0.0033272425190415773
open,252,30.768688431414027,0.4449665139264166,0.7641478915525489,0.003330392350518466,0.0033271935345227073
open,253,30.768694680770288,0.44496655859848894,0.7641478475515927,0.00333032698040426,0.0033271243033429847
open,254,30.768701479810765,0.44496660722807296,0.7641478020921212,0.0033302610658253605,0.003327055310411129
open,255,30.768709420721784,0.4449666642207245,0.7641477498503454,0.0033302060479632736,0.0033269985071276635
open,256,30.768717787998217,0.4449667243136419,0.7641476970493665,0.0033301545192216224,0.0033269436039898522
